연도 ,지역,업종명,규모,사업장명(현장명),소재지,중대재해재해자수(명),근로자수(명),재해자수(명),재해율(퍼센트),규모별 동종업종 평균 재해율(퍼센트)
2020,인천,건설업,50인미만,"(주)다은건설(원청), (주)한성공영(하청)(2020년도 권역별 상수도시설물 정비(동부권역)공사(연간계약))",인천 미추홀구 석정로 225 (도화동),3,1,3,300,1.82
2020,경기,건설업,50인미만,"그린알앤씨(주)(원청), 대한자원 (하청)(대덕전자(주) 부분철거)",경기 안산시 단원구 별망로 459번길 97 (목내동),3,1,3,300,1.82
2017,경기,건설업,50인 미만,한국테크라인㈜(센터포인트몰B블록3층뽀로로매장원상복구공사),경기 화성시 동탄중앙로 200 (반송동),2,1,3,300,1.78
2020,경남,화학 및 고무제품제조업,50인미만,삼인산업㈜ ,경남 함안군 법수면 황사길 18-70 ,2,1,3,300,0.82
2020,경북,화학 및고 무제품제조업,50인미만,(주)책임환경개발,경북 상주시 낙동면 영남제일로 503-27,1,2,5,250,0.82
2019,대구,건설업,50인미만,유창전설㈜(수전설비변경및내선공사),대구 달서구 성서공단북로 386 (장동),2,1,2,200,2
2020,경기,건설업,50인미만,한성건축((주)부림화이바 철거 및 보수공사),경기 양주시 은현면 그루고개로 587-26 ,2,1,2,200,1.82
2020,경남,건설업,50인미만,개인사업자 이강일(이강일증축공사),경남 남해군 서면 남서대로2197번길 189-14 (외1필지),2,1,2,200,1.82
2019,서울,건설업,50인미만,건양상사(남원교회페인트공사),"서울 강서구 까치산로 160 (화곡동, 남원교회)",1,1,2,200,2
2019,경기,화학 및 고무제품제조업,50인미만,경성케미칼,경기 포천시 신북면 청신로2082번길 19 ,1,1,2,200,1.01
2019,충남,건설업,50인미만,개인사업자 임민재 (임민재 단독주택신축공사(창진농장)),충남 홍성군 광천읍 월림리 768-1번지,1,1,2,200,2
2019,경남,"기계기구, 비금속광물 및 금속제품제조업",50인미만,대신공업사,경남 양산시 산막공단북11길 124 (산막동),1,1,2,200,1.39
2020,인천,건설업,50인미만,상신플랜트주식회사(인천공장 P-13 가열조정기 STEAM TUBE 교체의 건),인천 서구 봉수대로 126 (가좌동) 사조대림,1,1,2,200,1.82
2020,충남,건설업,50인미만,대한종합공사(벽체 및 지붕 보수공사),충남 아산시 인주면 인주산단로 123-90 ((주)우신금속),1,1,2,200,1.82
2020,경기,기계기구·금속·비금속광물제품제조업,50인미만,"우양에이치씨주식회사(원청), (주)동성엔지니어링(하청)",경기 평택시 포승읍 포승공단로 118번길 88 ,1,2,3,150,1.12
2020,강원,건설업,50인미만,"㈜동성(원청,) (주)효림(하청)(국도31호선 영월 상동교 노후교량 개축공사중 철근콘크리트공사)",강원 영월군 영월읍 은행나무1길 49-30 102호,3,7,7,100,1.82
2019,경남,건설업,50인미만,개인사업자 조창희(최점순신축공사),경남 진주시 충무공동 324-27번지,2,3,3,100,2
2020,서울,도소매·음식·숙박업,50인미만,풍년상사,서울 동대문구 무학로 30길 16 (용두동),2,2,2,100,0.62
2020,울산,건설업,50인미만,"코스모화학㈜(원청), 대원인스텍㈜(하청)(전공정 자동밸브 Overhaul)",울산 울주군 온산읍 원봉로 55 코스모화학,2,2,2,100,1.82
2020,경기,건설업,50인미만,비엘에스(주)직영공사(공장이전을 위한 보수공사),경기 평택시 청북읍 건의길 74,2,2,2,100,1.82
2019,서울,오락·문화 및 운동관련사업,50인미만,나인티나인,"서울 종로구 대학로 144 (혜화동, 중원빌딩) 4층 401, 4호",1,3,3,100,0.5
2019,충남,임업,50인미만,홍순부벌목(금산군군북면동 편리산40)(원청) 청솔건기(하청),충남 금산군 군북면 동편리 산 40번지,1,2,2,100,1.55
2020,대구,건설업,50인미만,서립디씨피주식회사(대구 수성구 중동179 및 179-1 DFC빌딩 건축물 철거공사),대구 수성구 청수로 43 (중동) 대구파이낸스빌딩(DFC),1,2,2,100,1.82
2018,대구,건설업,50인 미만,"아이.디.에스(I.D.S)(원청), 개인공사(오주환)(하청)(대동빌딩본관내부공사)",대구 수성구 수성로 206 (중동),1,1,1,100,1.8
2018,경기,건설업,50인 미만,대두하우징,"경기 남양주시 해밀예당3로 67 (진접읍 금곡리, 휴먼시아)",1,1,1,100,1.8
2018,전남,건설업,50인 미만,문이건설주식회사(남평읍광촌2리정광마을배수로정비공사),전남 나주시 남평읍 오룡길 80-5 광촌리797,1,1,1,100,1.8
2018,전남,건설업,50인 미만,"탑솔라주식회사(원청), 동백건업(하청)((유)미르태양광태양광발전소연계ESS설치공사)",전남 영암군 삼호읍 동호리 1723,1,1,1,100,1.8
2018,전남,"어업 및 양식어업, 어업관련서비스업",50인 미만,203윤경호,전남 여수시 어항단지로 63-5 ,1,1,1,100,1.29
2018,경북,오락·문화 및 운동관련사업,50인 미만,J스크린골프,경북 구미시 고아읍 문성9길 42-22 (고아읍),1,1,1,100,0.47
2019,서울,건설업,50인미만,"배경수개인공사/미스터빠삭 목공사, 덕트공사","서울 강서구 강서로56길 110 (등촌동, 상지빌딩)",1,1,1,100,2
2019,부산,건설업,50인미만,(주)동일(정관동일스위트2차 하자보수),부산 기장군 정관읍 정관3로 23 (정관 동일스위트 2차),1,1,1,100,2
2019,부산,건설업,50인미만,(주)라인투전기(올리브영 스타필드시티 명지점 전기공사),부산 강서구 명지국제6로 168 (명지동),1,1,1,100,2
2019,인천,건설업,50인미만,성원건축(장흥로 공장 옥탑 보수공사),인천 강화군 길상면 장흥로 76-48 ,1,1,1,100,2
2019,인천,건설업,50인미만,"㈜다올건설(원청), 가안창호㈜(하청)(석남동 지인골프장 인테리어 공사(8-9층))","인천 서구 가정로 258 8,9층 (석남동, 지인프라자)",1,1,1,100,2
2019,대전,건설업,50인미만,합자회사한국준설(상수도물빼기작업),대전 대덕구 계족산로 20 (중리동),1,1,1,100,2
2019,세종,임업,50인미만,신성임목(세종특별자치시 장군면 현장),세종 장군면 용암리 산 107-12번지,1,1,1,100,1.55
2019,강원,"기계기구, 비금속광물 및 금속제품제조업",50인미만,"대한건재, 속초기업사",강원 속초시 싸리재길247-66 (노학동),1,1,1,100,1.39
2019,경기,유리·도자기·시멘트제조업,50인미만,동명콘크리트(주),경기 양주시 은현면 평화로 1889번길 46-66 ,1,1,1,100,1.17
2019,경기,건설업,50인미만,㈜케이원라이팅(하청)(서현동 중앙공원길 주철주 도색공사),경기 성남시 분당구 새마을로 11 (서현동),1,1,1,100,2
2019,경기,건설업,50인미만,개인사업자 안경헌(동고리 매립현장),경기 평택시 고덕면 동고리 481-7 ,1,1,1,100,2
2019,경기,건설업,50인미만,주식회사한화미((주)유진퍼니처 창고 지붕 보수공사),경기 용인시 처인구 백암면 근창로35번길 130-12 ,1,1,1,100,2
2019,경기,건설업,50인미만,주식회사현영테크원(적성형 장비 분해 조립 시운전),경기 평택시 진위면 진위산단로 53-73 ,1,1,1,100,2
2019,충북,건설업,50인미만,충청통신(자)(하청)(2019년2차선로취약시설개선공사_가경보은),충북 청주시 흥덕구 가경동 (가경보은일원),1,1,1,100,2
2019,충북,건설업,50인미만,(주)서울전업공사(00부대 진천지역 풋살장 신축 전기공사),충북 증평군 증평읍 영천길 24 (연탄리 82),1,1,1,100,2
2019,충남,건설업,50인미만,태양정보통신㈜(2019년취약선로광전화품질개선공사1차(부여)),충남 부여군 부여읍 사비로 101 부여 전 지역,1,1,1,100,2
2019,전북,건설업,50인미만,동호마블(주)(동호스톤 지붕 판넬교체공사),전북 익산시 황등면 석재단지길 66-15,1,1,1,100,2
2019,전북,건설업,50인미만,전일건업(아멘농장 지붕보수공사),전북 정읍시 덕천면 금계2길 37 ,1,1,1,100,2
2019,경북,건설업,50인미만,가야냉동산업(㈜영해식품스파이럴 프리저 (급속냉동기) 분해 및 해체공사),경북 김천시 어모면 산업단지2로 43번지,1,1,1,100,2
2019,경북,건설업,50인미만,개인사업자 김경용(이현균개인공사/성수리1294외1필지),경북 구미시 산동면 성수리 1294번지 외 1필지,1,1,1,100,2
2019,경북,건설업,50인미만,"서진산업주식회사(원청), 주식회사에스유테크(하청)(서진산업(주)경주공장 HR DECK 도장라인로딩장 콘베이어이설공사)",경북 경주시 외동읍 구어리 89-1번지,1,1,1,100,2
2019,경북,건설업,50인미만,"세기종합판넬신세기판넬(원청), 찔레네건축(하청)(휴비스(주)/동희산업내 창고 신축공사)",경북 김천시 어모면 산업단지1로 75 ,1,1,1,100,2
2019,경남,건설업,50인미만,정(Jeong)인테리어(창원 중동 유니시티 201동 403호 내부인테리어공사),경남 창원시 의창구 중동남로 74 201동 403호 (중동),1,1,1,100,2
2019,제주,건설업,50인미만,천관건축인테리어(서광로 301 그랜드타워빌딩 5층 내부철거공사),제주 제주시 서광로 301 5층 (이도일동),1,1,1,100,2
2020,서울,건설업,50인미만,웰빙그린(주)(구산중학교 본관동 외부도장공사),서울 은평구 갈현로15길 20-23 (구산동) 구산중학교,1,1,1,100,1.82
2020,서울,건설업,50인미만,제일스틸루프(지붕보수개량공사),서울 동대문구 정릉천동로 112-5 (제기동),1,1,1,100,1.82
2020,서울,건설업,50인미만,"한샘종합인테리어(원청), 풍산페인트(하청)(벽체 발수칠 공사)",서울 용산구 신흥로15길 20 (용산동2가),1,1,1,100,1.82
2020,부산,기계기구·금속·비금속광물제품제조업,50인미만,(주)광림마린테크(원청) 예성산업(하청),부산 강서구 미음산단4로 58 (미음동),1,1,1,100,1.12
2020,부산,건설업,50인미만,(주)태양이엔지(동부산전력지사 가공송전 취약설비 정비공사),부산 기장군 철마면 임기1길 139-17 철마면 안평리 340번지 일원,1,1,1,100,1.82
2020,부산,건설업,50인미만,개인사업자 우상용(금정산 한신아파트 외벽크랙보수공사),"부산 금정구 소정로 39(장전동, 금정산한신아파트)",1,1,1,100,1.82
2020,대구,건설업,50인미만,일맨하우징팩토리(지붕보강공사),대구 동구 팔공로 26길 88 (도동),1,1,1,100,1.82
2020,대구,건설업,50인미만,"(주)파루(원청), 에스지에이치㈜(하청)(우암4호태양광구조물,전기,모니터링설치공사일체(97kw))",대구 달성군 옥포읍 비슬로447길 25-6 ,1,1,1,100,1.82
2020,인천,건설업,50인미만,원일페인트(송림동 55-221 건물 외벽 도장공사),인천 동구 솔빛로 91번길 34 (송림동),1,1,1,100,1.82
2020,대전,건설업,50인미만,(주)광전자통신(2020년고객선로지장이전총액단가공사1차(대전신탄진)),대전 동구 산내로1352번길 27 (낭월동),1,1,1,100,1.82
2020,강원,건설업,50인미만,(주)누리텍(신기면 대평리 소규모수도시설 개량공사),강원 삼척시 신기면 대평리,1,1,1,100,1.82
2020,강원,건설업,50인미만,(합)효광(초당동 유화2차아파트~강원도 교육연수원 간 도로개설공사),강원 강릉시 초당동 일원,1,1,1,100,1.82
2020,강원,건설업,50인미만,대성하우징(홍천한우사랑말사료시설비가림공사),강원 홍천군 북방면 성동로 1125 ,1,1,1,100,1.82
2020,강원,건설업,50인미만,수현종합건설(주)(갈말읍 신철원리 다세대주택 신축공사(1동)),강원 철원군 갈말읍 신철원리 541,1,1,1,100,1.82
2020,강원,농업,50인미만,우재섭과수원,강원 정선군 정선읍 용탄리 1057-1번지 외 5필지,1,1,1,100,0.8
2020,경기,섬유 및 섬유제품제조업,50인미만,스타천막건설,경기 용인시 처인구 모현읍 초부리 674-18,1,1,1,100,0.65
2020,경기,기계기구·금속·비금속광물제품제조업,50인미만,(주)지성그린텍,경기 포천시 내촌면 금강로2634번길 27 ,1,1,1,100,1.12
2020,경기,수제품 및 기타제품제조업,50인미만,명주상사,경기 평택시 현덕면 포승남로 118-19 (현덕면),1,1,1,100,0.95
2020,경기,건설업,50인미만,개인사업자 지현동(김보연(2017-양생-신허-230)근생신축공사),경기 양평군 양평읍 백안리 산 3-3번지 외 1필지,1,1,1,100,1.82
2020,경기,건설업,50인미만,개인사업자 최재민(농업용창고 증축공사/평택시 서탄면 금암리71-1),경기 평택시 서탄면 정문회화로 625 ,1,1,1,100,1.82
2020,경기,건설업,50인미만,기성기업(남영물류산업물류센타 차양막설치공사),경기 광주시 곤지암읍 광여로 515 ,1,1,1,100,1.82
2020,경기,건설업,50인미만,다산공사(연화장사업소 추모의 집 옥상도장공사),"경기 수원시 영통구 광교호수로 278 (하동, 수원시 연화장)",1,1,1,100,1.82
2020,경기,건설업,50인미만,"명신알미늄(원청), 대아건축(하청)(오리섬 건물 옥상 판넬 철거 및 재시공 공사)",경기 안성시 안성맞춤대로 1142 (금산동),1,1,1,100,1.82
2020,경기,건설업,50인미만,엘디산업개발㈜(분묘 설비 개수공사),경기 평택시 팽성읍 신대리 산 23-5번지,1,1,1,100,1.82
2020,경기,건설업,50인미만,주식회사서원산업개발(수도병원 냉난방장비 세관공사 등 2건),경기 성남시 분당구 새마을로 177번길 81,1,1,1,100,1.82
2020,경기,건설업,50인미만,주식회사세움건설(전동리 오수(압송)관로 신설공사),경기 연천군 백학면 전동리 7-6번지 일원,1,1,1,100,1.82
2020,경기,건설업,50인미만,현대M(빗물 받이 공사),경기 구리시 동구릉로200번길 29-18 (인창동),1,1,1,100,1.82
2020,경기,시설관리 및 사업지원서비스업,50인미만,(유)만물환경자원,경기 하남시 신장1로 21번길 21-2 1층 (신장동),1,1,1,100,0.58
2020,경기,도소매·음식·숙박업,50인미만,에어컨보일러달인,경기 시흥시 시흥대로 1056번길 16(은행동) 1층(은행동 323-27),1,1,1,100,0.62
2020,충북,건설업,50인미만,(주)상산종합조경(2020년 진천읍 및 덕산읍 시가지 소나무 생육환경개선사업),충북 진천군 진천읍 및 덕산읍 일대 ,1,1,1,100,1.82
2020,충북,건설업,50인미만,"(주)승일(원청), 서원건설㈜(하청)(2020년 청원구 하수도 준설공사(연간단가))",충북 청주시 청원구 직지대로 871 (우암동),1,1,1,100,1.82
2020,충북,건설업,50인미만,개인사업자 곽병석(진일농장퇴비장지붕보수공사(소로리158)),충북 청주시 흥덕구 옥산면 소로리 158번지,1,1,1,100,1.82
2020,충북,건설업,50인미만,대동금속((주)티에스씨고려 제품창고실 보수공사),충북 음성군 생극면 생삼로 143-22 ,1,1,1,100,1.82
2020,충북,건설업,50인미만,조이건설㈜ 광지건설㈜(구)(구조물 설치 및 지붕공사),충북 영동군 영동읍 동정로4길 9 1층,1,1,1,100,1.82
2020,충북,임업,50인미만,드림산업개발(벌목(37사단 111연대 양수리 동원훈련장 수목제거)),충북 옥천군 옥천읍 마암로3길 ,1,1,1,100,1.14
2020,충남,기계기구·금속·비금속광물제품제조업,50인미만,주식회사영일,충남 부여군 구룡면 흥수로 5 .,1,1,1,100,1.12
2020,충남,건설업,50인미만,(주)성지환경건설(유기질비료공장 닥트 및 전기공사),충남 홍성군 홍동면 광금남로 446번길 45-23 운원리 744 (홍동농협 유기질비료공장),1,1,1,100,1.82
2020,충남,건설업,50인미만,개인사업자 김남영(김남영-성남면 대흥리33-8신축신고195),충남 천안시 동남구 성남면 대흥리 33-8번지,1,1,1,100,1.82
2020,충남,건설업,50인미만,개인사업자 김재수(김재수신축공사),충남 서천군 장항읍 장항로172번길 43,1,1,1,100,1.82
2020,충남,건설업,50인미만,개인사업자 박남규(벼건조장보수공사(논산시 채운면 삼거리229-2)),충남 논산시 채운면 계백로404번길 100 ,1,1,1,100,1.82
2020,충남,농업,50인미만,유성목장,충남 태안군 태안읍 상도로 410-39,1,1,1,100,0.8
2020,전북,건설업,50인미만,개인사업자 신성준(신성준축사지붕보수공사),"전북 김제시 서정1길 25 (서정동, 서정1길 20 우사)",1,1,1,100,1.82
2020,전북,건설업,50인미만,개인사업자 태기진(조택의님축사지붕보수공사(임실지사면 안하1길 36)),전북 임실군 지사면 안하1길 36 ,1,1,1,100,1.82
2020,전북,건설업,50인미만,"한국산업써비스㈜(원청), 경일엔지니어링(주)(하청)(Replacement work of 154kv T/L insulator for Gunsan)",전북 군산시 외항4길 57 (소룡동),1,1,1,100,1.82
2020,전북,철도·항공·창고·운수관련서비스업,50인미만,연봉창고,전북 김제시 청하면 청하로 510,1,1,1,100,0.74
2020,전북,육상 및 수상운수업,50인미만,"(유)에스지종합건설(원청), 군산특수운수사(하청)(송학동 학곤선(대로3류7호) 확포장공사)",전북 군산시 공항로 157 (산북동),1,1,1,100,2.32
2020,전북,어업,50인미만,금영호,"전북 부안군 궁항영상길 1 (변산면 격포리, )",1,1,1,100,1.09
2020,전남,건설업,50인미만,(주)이서개발(이서면 영평1리 용배수로정비공사),전남 화순군 이서면 영신길 111-27 영평리 585-1,1,1,1,100,1.82
2020,전남,건설업,50인미만,"(주)해비치쏠라(원청), 지인산업(하청)(주택용태양광구조물조립작업)",전남 고흥군 동강면 동강당곡길 115,1,1,1,100,1.82
2020,전남,건설업,50인미만,개인사업자 마지환(최성호신축공사),전남 강진군 군동면 장산리 일반대지 0553-0001,1,1,1,100,1.82
2020,전남,건설업,50인미만,개인사업자 박인천(박인천신축공사),전남 영암군 삼호읍 서창리,1,1,1,100,1.82
2020,전남,건설업,50인미만,"금호피앤비화학㈜(원청), (주)청해이엔티(하청)(DC-7321 레진 제거작업)",전남 여수시 여수산단2로 218 (화치동),1,1,1,100,1.82
2020,전남,건설업,50인미만,녹색건설(축사지붕 덫씌우기 보수공사),전남 무안군 운남면 내리 ,1,1,1,100,1.82
2020,전남,건설업,50인미만,만능공업사((구)대성수산 양식장 철거공사),전남 완도군 약산면 약산로 1156-46 ,1,1,1,100,1.82
2020,전남,건설업,50인미만,보원건설(주)(봉래 외초마을 방파제(호안도로) 연장공사),전남 고흥군 봉래면 외초리 1292번지 지내,1,1,1,100,1.82
2020,전남,어업,50인미만,해금수산,전남 무안군 청계면 해안로 603-6 ,1,1,1,100,1.09
2020,전남,기타의 각종사업,50인미만,에이치테크(H-Tech),전남 광양시 광양읍 인서8길 39 ,1,1,1,100,0.46
2020,경북,식료품제조업,50인미만,열두달푸름채,"경북 울진군 외선미1길 92-16 (온정면 외선미리, )",1,1,1,100,1.14
2020,경북,건설업,50인미만,정화비철금속(주)(불용용품 폐기 및 처리),"경북 영천시 역전로 8 (완산동, 삼구빌딩)",1,1,1,100,1.82
2020,경북,건설업,50인미만,(주)대성골재(음식물류폐기물 공공처리시설 기계설비 철거공사),경북 안동시 풍산읍 풍산단호로 153 .,1,1,1,100,1.82
2020,경북,건설업,50인미만,대동개발(주)(우래2리(우평) 배수로 설치공사시행),경북 예천군 보문면 우래리,1,1,1,100,1.82
2020,경북,건설업,50인미만,파인토피아냉동공조(저온저장고 설치 및 창고설치),경북 봉화군 춘양면 서동길 302-2 ,1,1,1,100,1.82
2020,경북,전문·보건·교육·여가관련서비스업,50인미만,(주)다옴(포도컨트리클럽),경북 김천시 구성면 남김천대로 2532 ,1,1,1,100,0.2
2020,경남,섬유 및 섬유제품제조업,50인미만,동양천막산업,경남 창원시 마산합포구 서성로 42 (신포동2가),1,1,1,100,0.65
2020,경남,선박건조 및 수리업,50인미만,"금강중공업(주)(원청), 해동ENG(하청)",경남 고성군 동해면 동해로 1469 ,1,1,1,100,1.8
2020,경남,건설업,50인미만,개인사업자 강정식 (양영자대수선공사),경남 김해시 대동면 동북로 46-3 ,1,1,1,100,1.82
2020,경남,건설업,50인미만,(주)부경이엔지(착유세정수 정화시설(3톤/일) 설치 공사),경남 함안군 여항면 내곡2길 105 ,1,1,1,100,1.82
2020,경남,건설업,50인미만,에코데코(한림면 병동리 광성코팅(주) 공장판넬 칸막이공사외),경남 김해시 한림면 김해대로 974번길 130-23 ,1,1,1,100,1.82
2020,경남,건설업,50인미만,"(주)한국티씨(2020년 남해,하동 5G구축 광케이블 선로공사(연단가))",경남 하동군 하동읍 경서대로 199 외,1,1,1,100,1.82
2020,경남,건설업,50인미만,개인사업자 채수동(송명숙신축공사),경남 진주시 집현면 냉정리 814번지,1,1,1,100,1.82
2020,경남,건설업,50인미만,천마종합건설(주)(북면 외감리 근린생활시설 용도변경(2층) 리모델링공사),경남 창원시 의창구 북면 외감로33번길 11-1 2층,1,1,1,100,1.82
2020,경남,건설업,50인미만,칠칠도료공사(페인트 도장공사),경남 김해시 구산로42번길 12-1 (구산동),1,1,1,100,1.82
2020,경남,기타의 각종사업,50인미만,㈜구암,"경남 창원시 마산합포구 월영동15길7 (해운동, 2층)",1,1,1,100,0.46
2020,제주,수제품 및 기타제품제조업,50인미만,나래광고,제주 제주시 남성로 164-1 (삼도이동),1,1,1,100,0.95
2020,광주,건설업,50인미만,(주)삼호토건(상무 마륵동 지역주택조합 도시계획정비기반시설 기부채납분 도),광주 서구 마륵동 산25번지 일원,3,4,3,75,1.82
2019,경북,식료품제조업,50인미만,수성수산,경북 영덕군 축산면 축산항2길 53 ,4,6,4,66.67,1.45
2020,부산,건설업,50인미만,연산알미늄(연제구 연산동 774-28번지 용도변경공사),부산 연제구 중앙천로 28-1 (연산동),2,3,2,66.67,1.82
2018,부산,건설업,50인 미만,에스엠종합건설㈜(온천동478-16업무시설신축공사),부산 동래구 동래로 7-5 (온천동),1,3,2,66.67,1.8
2020,울산,건설업,50인미만,(주)에이비엠(울산전시컨벤션센터 건립공사 관급자재(특수지붕재)구매),울산 울주군 삼남면 1683-1,1,3,2,66.67,1.82
2020,전남,건설업,50인미만,대림쏠라주식회사(영일태양광발전소 설치공사),전남 화순군 능주면 잠정리 7-16,1,3,2,66.67,1.82
2019,인천,건설업,50인미만,"주식회사오아시스산업(원청), 송악건설(주)(하청)(학운3일반산업단지 (주)제이온 공장 신축공사 중 기계설비공사)",인천 서구 경명대로 667 (공촌동),2,4,2,50,2
2020,울산,건설업,50인미만,"효성화학(주) 용연공장(원청), 동산이엔지㈜(하청)(DH2 OVERHAUL 전기/계장공사)",울산 남구 처용로487번길 66,2,4,2,50,1.82
2020,경북,건설업,50인미만,㈜소일륜 동원전력㈜(구)(파도소리길 선형개선(산책로 보안등 설치)공사),경북 경주시 양남면 양남항구길 14-16,2,4,2,50,1.82
2020,경남,건설업,50인미만,"정운토건㈜(원청), 지오건설개발㈜(하청)(지곡지구 급경사지붕괴위험지구 정비사업)",경남 의령군 화정면 상이리 지곡마을 일원,2,4,2,50,1.82
2019,울산,건설업,50인미만,"동서석유화학주식회사(원청), 기산테크(주)(하청)(기계수리_2019년 10월 4AN/4RO-BIO공장 정수작업외1건)",울산 남구 사평로 108-70 (부곡동),1,4,2,50,2
2017,경기,섬유 또는 섬유제품제조업(갑),50인 미만,리텍스타일,경기 양주시 은현면 운하로 127-4 ,1,2,1,50,0.45
2017,경기,건설업,50인 미만,명성건기(태풍펌프카)(오렌지트레이드공장신축공사현장),경기 파주시 탑삭골길 114,1,2,1,50,1.78
2017,경북,수송용기계기구제조업,50인 미만,"주식회사일지테크(원청), (주)신우산업(하청)",경북 경주시 외동읍 모화산단길 130-8 ,1,2,1,50,1.08
2018,경기,기계기구ㆍ비금속광물제품ㆍ금속제품제조업 또는 금속가공업,50인 미만,천경개발주식회사 안성사업소,경기 안성시 미양면 법전길 24 (미양면),1,2,1,50,1.43
2018,충남,건설업,50인 미만,개인사업자 주약노(이신철단독주택신축공사),충남 홍성군 결성면 성남리 948번지 외 1필지,1,2,1,50,1.8
2018,전북,건설업,50인 미만,(유)중원건설(조월제유지보수공사),전북 임실군 신덕면 조월리 219번지 일원,1,2,1,50,1.8
2019,강원,건설업,50인미만,대한황토방건설㈜(도갑수씨 주택 및 창고 신축공사),강원 횡성군 둔내면 영랑리 205번지,1,2,1,50,2
2019,경기,섬유 및 섬유제품제조업,50인미만,한양천막,경기 김포시 대곶면 대명항로 505 (대곶면),1,2,1,50,0.79
2019,경기,건설업,50인미만,"(주)에이스텍(원청), (주)메가텍코리아(하청)(이라이콤 항온룸 설비공사)",경기 수원시 영통구 신원로250번길 32 (매탄동),1,2,1,50,2
2019,경기,건설업,50인미만,"주식회사두성건설(원청), (주)더존건설(하청)(국도42호선남곡2리위험도로개선공사중 철근콘크리트공사(2차분))",경기 여주시 웅골로 168 (가업동),1,2,1,50,2
2019,충남,건설업,50인미만,"영일종합건설(주)(원청), 민성건설(하청)(EVA자동창고 지붕 및 외부벽면 Panel보수)",충남 서산시 대산읍 독곶2로 103 한화토탈내,1,2,1,50,2
2019,전남,건설업,50인미만,"강진완도축산업협동조합(원청), (유한)동양실업(하청)(축협생축장 퇴비장 공사)",전남 강진군 성전면 거목 축협생축장 ,1,2,1,50,2
2019,경남,건설업,50인미만,신영특수건설((주)쎄노텍 본사 공장동 건설볼밀 2기 설치),경남 함안군 가야읍 함마대로 1256-40 ((주)쎄노텍),1,2,1,50,2
2020,서울,건설업,50인미만,"개인사업자 민현기(원청), 개인사업자 김난수(하청)(성북구 보문동 지봉로20길 48 인테리어공사)",서울 성북구 지봉로20길 48,1,2,1,50,1.82
2020,서울,건설업,50인미만,예가인테리어(목동 가든스위트 B403호 실내 인테리어 공사),"서울 양천구 목동서로 65 B동 402호 (목동, 목동가든스위트)",1,2,1,50,1.82
2020,서울,건설업,50인미만,㈜가온건설개발 파라오건설㈜(구)(해누리체육공원 야외농구장 조성공사),서울 양천구 안양천로 711 (신정동),1,2,1,50,1.82
2020,부산,전기기계기구·정밀기구·전자제품제조업,50인미만,동아전기산업주식회사(하청),부산 사하구 감천항로419번길 23-1 (구평동),1,2,1,50,0.35
2020,부산,건설업,50인미만,(주)흥산건설산업(연산현대상가아파트 아파트 균열보수 및 재도장공사),"부산 연제구 고분로236번길 13 (연산동, 현대아파트)",1,2,1,50,1.82
2020,대구,건설업,50인미만,(주)산촌건설(지산동 940번지 일원 하수관거 정비공사),대구 수성구 지산동 940번지 일원 ,1,2,1,50,1.82
2020,경기,건설업,50인미만,민성기공(민성기업(로하목장 보수공사)),경기 화성시 장안면 산운내길 47-37 (석포리 7번지),1,2,1,50,1.82
2020,경기,건설업,50인미만,"주식회사미강종합건설(원청), 개인사업자 문준수(하청)(신월리 148 근린생활시설 신축공사)",경기 광주시 초월읍 신월리 148번지 외 1필지,1,2,1,50,1.82
2020,충북,기계기구·금속·비금속광물제품제조업,50인미만,주식회사케이엠에프제천지점,충북 제천시 바이오밸리1로 16 A동 (왕암동),1,2,1,50,1.12
2020,충남,건설업,50인미만,유성씨에이치주식회사(원청)(아산시 모종동 30-1외필지 공장동보수공사),충남 아산시 모종남로90번길 13 (모종동),1,2,1,50,1.82
2020,전북,농업,50인미만,해송조경농원,전북 고창군 성내면 옥제리 587-1,1,2,1,50,0.8
2020,전남,건설업,50인미만,㈜정진산업(조연우근생신축공사),전남 순천시 황전면 괴목1길 12 ,1,2,1,50,1.82
2020,경남,기계기구·금속·비금속광물제품제조업,50인미만,(주)에이치제이산업,경남 함안군 법수면 법수로 358-41 2층,1,2,1,50,1.12
2020,경남,건설업,50인미만,"(주)희민건설(원청), 주식회사깨끗한환경(하청)(주영라이프아파트 균열보수, 재도장 및 옥상방수공사)","경남 통영시 비석1길 49 (정량동, 주영라이프)",1,2,1,50,1.82
2020,경남,건설업,50인미만,디비스틸(신규음식점 인테리어 및 전체시설공사),경남 양산시 동면 양산대로 524 ,1,2,1,50,1.82
2020,제주,기계기구·금속·비금속광물제품제조업,50인미만,"탐라해상풍력발전(주)(원청), 두산중공업(주)(하청)(탐라해상풍력 관리운영)",제주 제주시 한경면 고락로 1 두모리 11길 19,1,2,1,50,1.12
2020,광주,시설관리 및 사업지원 서비스업,50인미만,(주)중경,광주 남구 서문대로 836 (주월동),1,12,5,41.67,0.58
2018,인천,기계기구ㆍ비금속광물제품ㆍ금속제품제조업 또는 금속가공업,50인 미만,명일산업,인천 서구 대곡동 652-2번지,1,5,2,40,1.43
2019,울산,건설업,50인미만,"진흥기업(원청), 동양기전주식회사(하청)(울산점 기계식 주차기 전면 보수 공사)",울산 남구 삼산로 217 (달동),1,5,2,40,2
2018,부산,위생 및 유사서비스업,50인 미만,세인이앤티㈜ ㈜선양엔텍(구)(하청),부산 사상구 감전천로 186 (학장동),3,13,5,38.46,1.39
2020,경기,수제품 및 기타제품제조업,50인미만,(주)거상자원,경기 고양시 일산동구 장대길 160-10 (장항동),1,13,5,38.46,0.95
2020,경기,수제품 및 기타제품제조업,50인미만,(주)성산레텍,경기 양주시 광적면 부흥로 956번길 143 ,2,21,8,38.1,0.95
2019,울산,건설업,50인미만,"엘에스니꼬동제련(주)(원청), (주)엔텍이엔지(하청)(기계설비 보수 및 신설공사)",울산 울주군 온산읍 산암로 148 LS Nikko 동제련,1,15,5,33.33,2
2019,경북,건설업,50인미만,동양종합건설㈜(조마 신안 농어촌마을하수도 설치사업),경북 김천시 조마면 새래길 183-3 .,1,9,3,33.33,2
2019,경기,"기계기구, 비금속광물 및 금속제품제조업",50인미만,주식회사동해(하청),경기 안산시 단원구 정왕천동로 94번길 35 203호 (성곡동),1,6,2,33.33,1.39
2019,경기,건설업,50인미만,"태원건설(주)(도농롯데아파트 균열보수 및 재도장, 기타공사)","경기 남양주시 미금로 24 (다산동, 남양주 도농 롯데낙천대 아파트)",1,6,2,33.33,2
2020,광주,도소매·음식·숙박업,50인미만,남부스틸주식회사,광주 광산구 용아로720 (오선동),1,6,2,33.33,0.62
2017,경기,건설업,50인 미만,배석화(개인건설업자)(고려진공안전기숙사증축공사),경기 양주시 연곡로 201-2 ,1,3,1,33.33,1.78
2018,서울,건설업,50인 미만,(주)가람종합건설(당산동타이어프로신축공사),서울 영등포구 버드나루로 98 (당산동),1,3,1,33.33,1.8
2019,서울,건설업,50인미만,(주)대륜씨에스(서울서교초등학교 석축보수 및 기타 공사),서울 마포구 와우산로23길 20-27 (서교동),1,3,1,33.33,2
2019,대전,건설업,50인미만,"(주)삼진비티(원청), 노보건설㈜(하청)(대전용운동아파트 하자 중 10년차 하자종결 합의공사)","대전 동구 대학로50번길 53 (용운동, 한화꿈에그린아파트)38블럭",1,3,1,33.33,2
2019,충북,도·소매 및 소비자용품수리업,50인미만,"농업회사법인주식회사 진들바이오(원청), 복전퇴비(하청)",충북 영동군 매곡면 괘방령로 674-201 ,1,3,1,33.33,0.5
2019,충북,도·소매 및 소비자용품수리업,50인미만,여원에프앤에스,충북 옥천군 옥천읍 옥천로 1638 여원에프앤에스,1,3,1,33.33,0.5
2019,전남,건설업,50인미만,협성디엔씨(호남자원재생 지붕보수공사),전남 영암군 시종면 신학로 53-69 ,1,3,1,33.33,2
2020,서울,건설업,50인미만,하나에코건설(주)(2020년 관내빗물받이 신설및 개량공사(연간단가)),"서울 강남구 학동로 426 (삼성동, 외 강남구일대)",1,3,1,33.33,1.82
2020,부산,기계기구·금속·비금속광물제품제조업,50인미만,인광금속,부산 사상구 감전천로 33 (감전동),1,3,1,33.33,1.12
2020,부산,건설업,50인미만,부산합판자재마트주식회사(새부산소방전력(주)증축공사),부산 사하구 괴정로 289 (괴정동),1,3,1,33.33,1.82
2020,인천,목재 및 종이제품제조업,50인미만,주식회사동양조경팀버,인천 서구 단봉로 62번길 29 (오류동),1,3,1,33.33,1.46
2020,광주,건설업,50인미만,대동계전(주)(근린생활시설 신축공사 중 동력 전등공사),광주 북구 하남대로 645 (동림동),1,3,1,33.33,1.82
2020,강원,석회석·금속·비금속광업 및 기타광업,50인미만,㈜동원규사,강원 강릉시 주문진읍 주문북로 147-23 ,1,3,1,33.33,3.14
2020,강원,건설업,50인미만,"에이치디씨아이서비스(주)(원청), 개인사업자 문태우(하청)(오크밸리 Zone1 골프장 수목이식공사)",강원 원주시 지정면 오크밸리1길 66 오크밸리 Zone1 골프장 및 휴양지구,1,3,1,33.33,1.82
2020,강원,임업,50인미만,수산임업(강릉시왕산면대리기230벌목현장),강원 강릉시 왕산면 대기리 230 벌목현장,1,3,1,33.33,1.14
2020,강원,임업,50인미만,"개인사업자 유재복(벌목, 홍천군 내면 방내리 산277-4외 1필지)",강원 홍천군 내면 방내리 산 277-4번지 외 1필지,1,3,1,33.33,1.14
2020,경기,건설업,50인미만,"(주)더아너스(원청), 개인사업자 윤우석(하청)(늘사랑교회 신축공사중 인테리어 공사)",경기 안양시 동안구 경수대로 874 (비산동)412-6,1,3,1,33.33,1.82
2020,경기,건설업,50인미만,"주식회사실버킹종합건설(원청), 주식회사초이스건설(하청)(더행복 노인요양시설 2동 신축공사)",경기 광주시 오포읍 대명대길 41 2동,1,3,1,33.33,1.82
2020,경기,건설업,50인미만,홈앤팩토리(전궁리46-3 공장 신축공사),경기 용인시 처인구 남사면 전궁리 46-3번지,1,3,1,33.33,1.82
2020,충남,기계기구·금속·비금속광물제품제조업,50인미만,(주)그린기업,충남 서산시 해미면 웅소성1길 98 ,1,3,1,33.33,1.12
2020,충남,건설업,50인미만,LEE(리)건축설비(동대동168-5근생신축공사),충남 보령시 동대동 168-5번지,1,3,1,33.33,1.82
2020,충남,건설업,50인미만,개인사업자 김동현 (이경만 태안읍 도내리 305-1 신축공사),충남 태안군 태안읍 도내리 305-1번지,1,3,1,33.33,1.82
2020,전남,화학 및 고무제품제조업,50인미만,그린영농,전남 곡성군 목사동면 동암1길 48 ,1,3,1,33.33,0.82
2020,전남,기타의 각종사업,50인미만,최영수야적장,전남 영광군 대마면 남산리 768번지 4호,1,3,1,33.33,0.46
2020,경북,기계기구·금속·비금속광물제품제조업,50인미만,고려콘크리트,경북 칠곡군 가산면 인동가산로 971,1,3,1,33.33,1.12
2020,경북,건설업,50인미만,일선건축(해평면 괴곡리 1064번지 축사 신축공사),경북 구미시 해평면 강동로 1265-58 ,1,3,1,33.33,1.82
2020,경북,건설업,50인미만,주식회사햇빛부자(판넬 칸막이 공사),경북 상주시 모서면 중화로 945-7,1,3,1,33.33,1.82
2020,경남,건설업,50인미만,(주)서용개발(월운지구 농어촌 생활용수 급수구역 확장공사),경남 하동군 진교면 월운리 월운마을 일원,1,3,1,33.33,1.82
2020,경남,건설업,50인미만,"동국천막사, 개인사업자 서재성(원청) ((주)블루인더스 2공장 입구 캐노피 설치공사 및 차단막설치공사)","경남 양산시 어곡공단4길 17-30 (어곡동, (주)블루인더스)",1,3,1,33.33,1.82
2020,경남,건설업,50인미만,동양종합건설㈜(광포2교 재가설 공사(총괄)),경남 하동군 금성면 가린길 32 일원,1,3,1,33.33,1.82
2020,경남,육상 및 수상운수업,50인미만,"개인사업자 강용민, 한진부산컨테이너터미널",경남 밀양시 단장면 표충로 424 ,1,3,1,33.33,2.32
2020,경남,어업,50인미만,제7동명호,"경남 통영시 죽림1로 41-23 (광도면 죽림리, 한선파라디움) 304-803호",1,3,1,33.33,1.09
2020,제주,건설업,50인미만,벽강종합건설㈜(노형동 941-3번지 공동주택(아파트)신축공사중 토목공사),제주 제주시 원노형로 35-2 (노형동),1,3,1,33.33,1.82
2019,경기,건설업,50인미만,"성호종합건설㈜(원청), (주)신화이앤지(하청)(영태리 505-2 근생 신축공사)",경기 파주시 월롱면 영태리 505-2,2,7,2,28.57,2
2020,부산,섬유 및 섬유제품제조업,50인미만,국정사,부산 강서구 생곡산단로 55번길 6 (생곡동),1,7,2,28.57,0.65
2020,경남,식료품제조업,50인미만,영천낙우회영농조합법인,경남 고성군 영오면 영회로 675 ,1,7,2,28.57,1.14
2019,서울,"건물종합관리, 위생 및 유사서비스업",50인미만,우진관리(주)경남아파트관리사무소,서울 성북구 정릉로 305 관리사무소 (정릉동),2,8,2,25,0.78
2019,경기,건설업,50인미만,주식회사거양(부천 다니엘병원 3층 입원실 리모델링 공사),경기 부천시 중동로 361 (약대동),2,8,2,25,2
2019,강원,건설업,50인미만,"신안종합건설(주)(원청), (주)이주산업(하청)(국도6호선 횡성 우천 용둔지구 단구간 확장공사)",강원 횡성군 우천면 경강로 2724 용둔리 일원,1,8,2,25,2
2020,강원,화학 및 고무제품제조업,50인미만,강원목초산업주식회사,강원 영월군 북면 강구길 50-23 ,1,8,2,25,0.82
2017,경기,기타제조업,50인 미만,㈜나르고 가나안기업㈜(구) 남양주재활용선별장,경기 남양주시 진접읍 내곡리 521번지,1,4,1,25,1.19
2019,서울,"건물종합관리, 위생 및 유사서비스업",50인미만,성한개발,서울 관악구 쑥고개로 10 (신림동),1,4,1,25,0.78
2020,부산,기계기구·금속·비금속광물제품제조업,50인미만,"주식회사선진엔텍(원청), 제일엔지니어링(하청)",부산 영도구 대평로19번길 36-5 (대평동1가),1,4,1,25,1.12
2020,부산,건설업,50인미만,"(주)한산씨엔에스(원청), 남도설비전기철물(하청)(테슬라 부산센터 인테리어 공사)",부산 연제구 좌수영로 290 (연산동),1,4,1,25,1.82
2020,대구,건설업,50인미만,"주식회사태왕이앤씨(원청), (주)대성엔팍스(하청)(울산 KTX역세권 Cb3-2 오피스텔 신축공사 중 에어컨설치공사)",대구 북구 연암로 42길 41-1 (산격동),1,4,1,25,1.82
2020,경기,화학 및 고무제품제조업,50인미만,그린P.E,경기 용인시 처인구 포곡읍 선장1로 1-7 그린P.E,1,4,1,25,0.82
2020,경기,기계기구·금속·비금속광물제품제조업,50인미만,신화금속,"경기 안산시 단원구 정왕천동로 94번길 38 시화공단4마 208-1, 101호 (성곡동)",1,4,1,25,1.12
2020,경기,건설업,50인미만,"소현종합건설㈜(원청), 개인사업자 정종남 (하청)(설문동714-3번지근린생활시설 신축공사)",경기 고양시 일산동구 설문동 714-3번지,1,4,1,25,1.82
2020,경기,건설업,50인미만,"주식회사새움종합건설(원청), 개인업자 신동완(하청)(화도읍 금남리106-1 근,생신축공사)",경기 남양주시 화도읍 북한강로 1632 아방궁,1,4,1,25,1.82
2020,경기,시설관리 및 사업지원서비스업,50인미만,(주)가람자산관리(폴리프라자),경기 양주시 옥정동로7가길 30 (옥정동),1,4,1,25,0.58
2020,경기,도소매·음식·숙박업,50인미만,백광자원,경기 포천시 화현면 봉화로 276,1,4,1,25,0.62
2020,충남,농업,50인미만,연서농장,"충남 홍성군 홍남동로279번길 120 (장곡면 가송리, )",1,4,1,25,0.8
2020,전남,기타의 각종사업,50인미만,(주)동우전력,전남 여수시 좌수영로 1160,1,4,1,25,0.46
2020,경북,석회석·금속·비금속광업 및 기타광업,50인미만,정림산업,경북 안동시 송현동 389-10번지,1,4,1,25,3.14
2019,경남,"기계기구, 비금속광물 및 금속제품제조업",50인미만,"(주)동성중공업 함양공장(원청), 경인산업(하청)",경남 함양군 안의면 황마로 61-134 ,2,9,2,22.22,1.39
2017,충북,건설업,50인 미만,"한국철도공사(원청), 유러너스씨앤아이㈜(하청)(충북선청주증편시설팀선로유지도급화공사)","충북 청주시 흥덕구 청주역로 343 (정봉동, 청주역 인근)",1,9,2,22.22,1.78
2020,광주,건설업,50인미만,주식회사해신건설(월산동 1012-8 외 1필지 공동주택 신축공사),광주 남구 월산동 1012-8 외 1필지,1,9,2,22.22,1.82
2019,전남,선박건조 및 수리업,50인미만,금성,전남 목포시 죽교동 549-4번지,2,14,3,21.43,2.19
2017,대전,건설업,50인 미만,엠케이(MK)펌프카(하청)(서구관저동1971-4번지근린생활시설신축공사),대전 서구 관저동 1971-4,1,5,1,20,1.78
2018,부산,건설업,50인 미만,"굳센건설(원청), 주식회사한국기공(하청)(선보유니텍(주)공장판넬보수공사)",부산 사하구 감천항로 405번길 61(구평동),1,5,1,20,1.8
2019,부산,건설업,50인미만,주식회사태원건설산업(태양빌딩 보수보강공사),"부산 남구 용소로19번길 25 (대연동, 태양빌딩)",1,5,1,20,2
2019,대전,육상 및 수상운수업,50인미만,천일택배,대전 동구 물류로 14번길 62 (구도동),1,5,1,20,2.34
2019,경기,"기계기구, 비금속광물 및 금속제품제조업",50인미만,주식회사예성프로텍트,경기 화성시 송산면 송산서로 132 ,1,5,1,20,1.39
2019,경북,건설업,50인미만,"창조종합건설주식회사(원청), sj기업(하청)(삼부테크 증축공사)",경북 경주시 천북면 오야리 1381-1,1,5,1,20,2
2020,서울,건설업,50인미만,"(주)자담건설(원청), 한양건설기계(하청)(성북구 삼선동1가 303-1 다가구주택 개축공사)",서울 성북구 삼선동1가 303-1,1,5,1,20,1.82
2020,서울,건설업,50인미만,흥진종합건설(주)(양평동충전소_사무공간시설개선공사),서울 영등포구 선유로 157 양평동 가스충전소(양평동3가),1,5,1,20,1.82
2020,서울,시설관리 및 사업지원 서비스업,50인미만,㈜경진이엔지 행당신동아아파트입주자대표회의,"서울 성동구 독서당로 441 (행당동, 신동아아파트)",1,5,1,20,0.58
2020,인천,건설업,50인미만,와이아이건설(주)(서울 문래동6가 선유로11길 하수관로 교체공사),인천 미추홀구 주승로 188,1,5,1,20,1.82
2020,경기,건설업,50인미만,"(주)리오파크종합건설(원청), 책임시공건설(주)(하청)(장흥면부곡리77-7)",경기 양주시 장흥면 가마골로 246-45 77-7,1,5,1,20,1.82
2020,전북,건설업,50인미만,"주식회사에이치엘종합건설(원청), 에스에이치건설(유)(하청)(만성동 206-4 상가 신축공사)",전북 전주시 덕진구 만성동 206-4,1,5,1,20,1.82
2020,전북,농업,50인미만,성송농원,전북 고창군 성송면 대성로 605 ,1,5,1,20,0.8
2020,전남,화학 및 고무제품제조업,50인미만,대오산업,전남 장성군 북일면 신흥로 782 ,1,5,1,20,0.82
2020,전남,건설업,50인미만,(주)대한철도(6군7차.전남본부 관내 선로변 제초공사),전남 순천시 황전면 섬진강로 218 한국철도공사 전남본부 관내,1,5,1,20,1.82
2020,전남,건설업,50인미만,(주)운경건설(154kV신강진-강진T/L No.20-23지장송전선로이설공사(송전운영부)),전남 강진군 강진읍 일원,1,5,1,20,1.82
2020,전남,건설업,50인미만,개인사업자 정창수 (봉황면 장성리 276근린 생활시설 신축공사),전남 나주시 봉황면 장성리 276번지,1,5,1,20,1.82
2020,전남,건설업,50인미만,"새천년종합건설(주)(원청), ㈜광명기업(하청)(동강 대강지구 지표수보강개발사업)",전남 고흥군 동강면 대강리 82번지,1,5,1,20,1.82
2020,경북,목재 및 종이제품제조업,50인미만,대림산업,경북 경산시 남천면 상대로 7-0 (남천면),1,5,1,20,1.46
2020,경북,화학 및 고무제품제조업,50인미만,주식회사티피에스테크,경북 경주시 서면 대경로 2929-76 ,1,5,1,20,0.82
2020,경북,농업,50인미만,농업회사법인엠에스팜주식회사,경북 김천시 어모면 작점로 1089 ,1,5,1,20,0.8
2020,경남,기계기구·금속·비금속광물제품제조업,50인미만,"㈜종합기계(원청), 신호산업기계(하청)",경남 양산시 어실로 425-2 (어곡동),1,5,1,20,1.12
2020,경남,선박건조 및 수리업,50인미만,"일광산업주식회사(원청), 동성선박(하청)(삼천포 신항 내 해신3호 기관수리)",경남 사천시 신항만1길 2 (동금동),1,5,1,20,1.8
2020,경남,선박건조 및 수리업,50인미만,"케이엘씨에스엠㈜(원청), 앰앤씨엔지니어링㈜(하청)(SM QINGDAO호 수리)","경남 창원시 진해구 신항로 341 (용원동, 부산신항북컨테이너)",1,5,1,20,1.8
2020,경남,건설업,50인미만,(주)용진(완암변전소 외벽교체 및 기타공사),"경남 창원시 성산구 연덕로 7 (웅남동, (완암변전소))",1,5,1,20,1.82
2020,경남,건설업,50인미만,"보성종합건설(주)(원청), 유원어드벤처건설주식회사(하청)(대봉산 산림레포츠시설 조성사업 조경공사)",경남 함양군 병곡면 원산리,1,5,1,20,1.82
2020,경남,농업,50인미만,농업회사법인영광엔씨씨주식회사,경남 밀양시 무안면 사명로 694 (무안면),1,5,1,20,0.8
2020,제주,건설업,50인미만,주식회사용산(하귀초등학교 내.외부 도색공사),제주 제주시 애월읍 하귀로 44 (하귀초등학교),1,5,1,20,1.82
2020,제주,철도·항공·창고·운수관련서비스업,50인미만,(주)우리자원해운/한림항,제주 제주시 연사길 88 (오라이동),1,5,1,20,0.74
2020,대구,수제품 및 기타제품제조업,50인미만,(주)수성자원,대구 달서구 성서공단로 21길 82 (갈산동),1,16,3,18.75,0.95
2020,경기,기계기구·금속·비금속광물제품제조업,50인미만,(주)두원플랜트,경기 화성시 서신면 제부로 654번길 123,2,11,2,18.18,1.12
2020,서울,건설업,50인미만,"두손종합건설㈜(원청), 개인사업자 박병윤(하청)(갈현동 12-328 번지 다세대주택 신축공사)","서울 은평구 갈현로45길 44-9 (갈현동) 328, 329번지",1,11,2,18.18,1.82
2020,충남,건설업,50인미만,삼아종합건설(주)(천안 성정동 도시형생활주택 신축공사),충남 천안시 서북구 성정동 1530,2,24,4,16.67,1.82
2018,전북,화학제품제조업,50인 미만,형진화학,전북 김제시 용지면 금백로 671 (형진화학),1,6,1,16.67,0.99
2019,서울,건설업,50인미만,"(주)정준건업(압구정 한양2단지 아파트11동 내,외부 균열보수 및 재도장공사)","서울 강남구 압구정로 347 (압구정동, 영동한양아파트21동)",1,6,1,16.67,2
2019,강원,건설업,50인미만,한일전력주식회사(154KV 주진평창 T/L 안전이격거리 확보공사),강원 평창군 평창읍 일원,1,6,1,16.67,2
2019,충북,건설업,50인미만,(주)빌드산업(황간성당 사제관 교육관 리모델링 공사),충북 영동군 황간면 남성2길 29 (천주교황간교회),1,6,1,16.67,2
2019,충북,사업서비스업,50인미만,"하이트진로음료㈜ 청주공장 하이트진로음료㈜ 청원공장(구)(원청), 주식회사제이에스로지스(하청)",충북 청주시 상당구 가덕면 금거내암로 308 (가덕면),1,6,1,16.67,0.68
2019,경남,건설업,50인미만,"태산종합건설(주)(원청), 팔도비계공사(하청)(거제 호산나교회 증축공사)",경남 거제시 양정1길 29 (양정동),1,6,1,16.67,2
2020,부산,기계기구·금속·비금속광물제품제조업,50인미만,"개인사업자 박래철(원청), (주)희원엔지니어링(하청)",부산 남구 자성로 152 한일O/T 1412 (문현동),1,6,1,16.67,1.12
2020,부산,건설업,50인미만,"대양건설㈜, (주)반도종합건설, 동양종합건설(주)(원청), (주)네오그린(하청)(대저2 재해위험개선지구 정비사업)",부산 강서구 대저2동 2082-7번지 일원,1,6,1,16.67,1.82
2020,경기,기계기구·금속·비금속광물제품제조업,50인미만,(주)동방팬테크,"경기 시흥시 마유로82번길70 (정왕동, 3마601호)",1,6,1,16.67,1.12
2020,경기,건설업,50인미만,"건양종합건설주식회사(원청), 주식회사 성산전기(하청)(서신면 장외리 655-8 SJ파우더 공장 증축공사)",경기 화성시 서신면 전곡산단6길 28 에스제이파우더,1,6,1,16.67,1.82
2020,경기,건설업,50인미만,다성종합건설(주)(양교사거리~어연리간 도로확포장공사),경기 평택시 청북읍,1,6,1,16.67,1.82
2020,충북,건설업,50인미만,리앤(박노민 다가구 신축공사(금왕읍 무극리 589-19)),충북 음성군 금왕읍 탑골4길 15-18 ,1,6,1,16.67,1.82
2020,충북,건설업,50인미만,"주식회사조은강산(원청), 주식회사제일함석(하청)(한일현대시멘트(주)단양공장 먼지날림방지시설 설치사업)",충북 단양군 매포읍 고양길 95 ,1,6,1,16.67,1.82
2020,전북,건설업,50인미만,(주)화임(문예체육회관 개보수 건축(기계)공사),전북 진안군 진안읍 진무로 1054-38 문예체육회관,1,6,1,16.67,1.82
2020,경북,석회석·금속·비금속광업 및 기타광업,50인미만,주식회사이십일스토어,경북 상주시 외서면 삼령로 217-76 ,1,6,1,16.67,3.14
2020,경북,건설업,50인미만,"(주)대길건설(우현풍림아이원 지진 균열보수 및 도장공사, 지하주차장 바닥)","경북 포항시 북구 우창동로 71 (우현동, 우현풍림아이원)",1,6,1,16.67,1.82
2020,경북,건설업,50인미만,다음환경㈜(압량길82 철거공사),경북 경산시 압량읍 압량길 82 (압량리 118),1,6,1,16.67,1.82
2020,경남,임업,50인미만,(주)광덕,경남 고성군 고성읍 성내로78번길 30 1층 (지하),1,6,1,16.67,1.14
2020,전남,건설업,50인미만,"한국기술개발(주)(원청), 도원건설㈜(하청)(월성 자연재해위험개선지구 정비사업(총괄 및 3차분))",전남 해남군 북일면 월성길 32-6 신월리 235-2,1,13,2,15.38,1.82
2020,전남,시설관리 및 사업지원서비스업,50인미만,대한조선주식회사,전남 해남군 화원면 조선소길 498 (해남대한조선소건설현장),1,13,2,15.38,0.58
2020,경기,건설업,50인미만,"한경종합건설주식회사, 우경건설㈜(원청), 대산산업㈜(하청)(장애인복지관 건립 건축공사)",경기 이천시 신둔면 138-13,1,20,3,15,1.82
2019,인천,전기기계기구ㆍ전자제품ㆍ계량기ㆍ광학기계ㆍ기타정밀기구제조업,50인미만,(주)한영정공,인천 남동구 남동서로 83번길 87 ,2,21,3,14.29,0.41
2020,서울,건설업,50인미만,"창성건설주식회사(원청), ㈜성산알앤씨(하청)(원당초 강당 겸 체육관 증축공사)",서울 관악구 봉천로 505 (봉천동),1,21,3,14.29,1.82
2019,경기,"기계기구, 비금속광물 및 금속제품제조업",50인미만,디에이치(주) 미주오토텍㈜(구)(원청) 상남산업(하청),경기 평택시 포승읍 평택항로 268번길 55 (미주오토텍(주)),1,14,2,14.29,1.39
2020,경기,도소매·음식·숙박업,50인미만,태평철강㈜,경기 시흥시 오이도로 21 스틸랜드A 924 (정왕동),1,14,2,14.29,0.62
2018,서울,건설업,50인 미만,한솔종합건설㈜(이문동82-12외1필지공동주택신축공사),서울 동대문구 휘경로 29-12 (이문동),1,7,1,14.29,1.8
2019,부산,"건물종합관리, 위생 및 유사서비스업",50인미만,거창기업,부산 남구 문현동 1219-1번지,1,7,1,14.29,0.78
2020,서울,건설업,50인미만,"(주)두화공영(원청), 지에이치㈜(하청)(서대문보훈회관 신축공사(건축) 장기계속-1차)",서울 서대문구 증가로 43 (연희동),1,7,1,14.29,1.82
2020,서울,건설업,50인미만,(주)에코21이앤씨(자양동 598-13 근생 및 다세대주택 신축공사),"서울 광진구 자양동 598-13,18,21호",1,7,1,14.29,1.82
2020,서울,건설업,50인미만,"(주)적산건설(거여현대2차아파트 내, 외부 균열보수 및 재도장, 옥상우레탄방수)","서울 송파구 오금로61길 20 (거여동, 현대아파트)",1,7,1,14.29,1.82
2020,서울,건설업,50인미만,지수테크(코다리 명가 인테리어 공사),서울 서초구 마방로2길 26 (양재동),1,7,1,14.29,1.82
2020,광주,기계기구·금속·비금속광물제품제조업,50인미만,주식회사엘에스에어테크,광주 북구 하남대로 537 933-66,1,7,1,14.29,1.12
2020,강원,건설업,50인미만,(주)평산건설(2020년 대관령지사 도로시설물 연간 유지보수공사),강원 평창군 진부면 대관령지사 일원,1,7,1,14.29,1.82
2020,충북,화학 및 고무제품제조업,50인미만,유로케미칼,충북 충주시 충주호수로 36 (목행동),1,7,1,14.29,0.82
2019,인천,건설업,50인미만,"피케이종합건설주식회사(원청), 다진건설(주)(하청)(인천 당하동 프런치 빌딩 신축공사)",인천 서구 당하동 1028-6,1,22,3,13.64,2
2019,경북,유리·도자기·시멘트제조업,50인미만,"(주)포스코케미칼(원청), (주)보금(하청)",경북 포항시 남구 서원재로 7 포스렉내 (호동),2,15,2,13.33,1.17
2020,부산,섬유 및 섬유제품제조업,50인미만,㈜명성제강,부산 기장군 정관면 산단로 632-50 (정관면),1,15,2,13.33,0.65
2020,강원,기타의 각종사업,50인미만,(재)경춘공원묘원,강원 춘천시 서면 안보리 산 90-21번지 (재)경춘공원묘원,1,31,4,12.9,0.46
2020,전북,건설업,50인미만,"(주)SH에너지화학(원청), (유)제일엔지니어링(하청)(정기 T.A관련 기계 장치 설치공사)",전북 군산시 외항7길 20 (소룡동),3,24,3,12.5,1.82
2020,경기,수제품 및 기타제품제조업,50인미만,(주)에스에이치리싸이클링,경기 파주시 조리읍 당재봉로 48-43,2,16,2,12.5,0.95
2020,경북,석회석·금속·비금속광업 및 기타광업,50인미만,경신산업(주) 경산지점,경북 경산시 와촌면 얼음장골길 48 (경신산업주),1,16,2,12.5,3.14
2018,경북,기계기구ㆍ비금속광물제품ㆍ금속제품제조업 또는 금속가공업,50인 미만,(주)청경,경북 경주시 외동읍 냉천제내공단길 233 (제내리) (청경그린산업㈜),1,8,1,12.5,1.43
2019,광주,건설업,50인미만,"효산종합건설(주)(원청), 장평섭(개인건설업자)(하청)(광주 북구 장등동 172-9근생및주택 신축공사)",광주 북구 장등동 172-9,1,8,1,12.5,2
2019,경기,"기계기구, 비금속광물 및 금속제품제조업",50인미만,태웅산업개발주식회사,경기 연천군 청산면 아우라지길 18 (청산면),1,8,1,12.5,1.39
2019,경기,"기계기구, 비금속광물 및 금속제품제조업",50인미만,(주)진보테크,경기 김포시 월곶면 비석동로50번길 122-75 ,1,8,1,12.5,1.39
2020,부산,건설업,50인미만,"동국제강주식회사(원청), (주)백운(하청)(부산공장 설비보수단가계약_정수 및 크레인 보수)",부산 남구 신선로 102 (감만동) 동국제강 부산공장,1,8,1,12.5,1.82
2020,경기,건설업,50인미만,(주)대일토건이엔지(고양시 덕양구 향동동 208-2 근생공사 중 흙막이공사),경기 고양시 덕양구 향동동 208-2,1,8,1,12.5,1.82
2020,충남,건설업,50인미만,우리해양㈜(침몰선박(퍼시픽프렌드호) 잔존유 확인),충남 태안군 소원면 자두서방 해상 1.7마일 인근,1,8,1,12.5,1.82
2020,전남,건설업,50인미만,씨케이건설(주)(국도2호선 강진군 성전면 월평리 등 4개소 포장도 보수공사),전남 강진군 성전면 월평리 일대,1,8,1,12.5,1.82
2020,경북,식료품제조업,50인미만,농업회사법인주식회사예천청결고추,경북 예천군 용문면 유용로 803 (예천청결고추),1,8,1,12.5,1.14
2020,경남,건설업,50인미만,"광진종합건설주식회사(원청), 주식회사우양아트텍(하청)(대천김㈜ 냉동창고 신축공사 중 우레탄방열공사)",경남 양산시 어실로 351 (어곡동),1,8,1,12.5,1.82
2020,경남,건설업,50인미만,산림조합중앙회(2019년 국립용지봉자연휴양림 2차년도 부지조성 및 토목공사),경남 김해시 대청동 산 63-2,1,8,1,12.5,1.82
2020,경기,건설업,50인미만,(주)비엠종합건설(대성리 602-1 숙박시설공사),경기 가평군 청평면 대성리 602-1,2,17,2,11.76,1.82
2019,울산,화학 및 고무제품제조업,50인미만,(주)일터,울산 울주군 언양읍 공촌3길 6-23 ,3,43,5,11.63,1.01
2020,경기,건설업,50인미만,주식회사시월종합건설((가칭)옥정5중학교 신축공사),경기 양주시 옥정동 1082번지 일원,1,26,3,11.54,1.82
2020,경기,시설관리 및 사업지원서비스업,50인미만,개인사업자 김장기(정원조경/2019년동승골프앤리조트용역계약건),경기 이천시 모가면 사실로 527번길 158 (뉴스프링C.C),2,36,4,11.11,0.58
2019,강원,건설업,50인미만,주식회사반곡토건(치악새마을금고단관지점신축공사및인테리어공사),강원 원주시 치악로 1505 (관설동),1,9,1,11.11,2
2020,강원,건설업,50인미만,"㈜동성(원청), ㈜대광전력(하청)(웰리힐리파크 우용리 송수배관교체공사)",강원 횡성군 둔내면 고원로 451 웰리힐리파크,1,9,1,11.11,1.82
2020,경기,화학 및 고무제품제조업,50인미만,동명화학,경기 김포시 대곶면 상마신기로 63 ,1,9,1,11.11,0.82
2020,경북,기계기구·금속·비금속광물제품제조업,50인미만,(주)대성정밀,경북 경산시 진량읍 공단7로 139 ,1,9,1,11.11,1.12
2020,경남,기계기구·금속·비금속광물제품제조업,50인미만,태현정밀,경남 창원시 마산회원구 내서읍 수곡로 71-113 (내서읍),1,9,1,11.11,1.12
2020,경남,건설업,50인미만,"미조건설(주)(원청), 대창강건(주)(하청)(디에스미래기술(주) 장목 엔지니어링센터 건립공사)",경남 거제시 장목면 장목리 402-29,1,9,1,11.11,1.82
2019,충남,건설업,50~99인,"(주)라테르종합건설(원청), 주식회사도시산업개발(하청)(금산읍 아인리 송림아파트 48세대 신축공사)",충남 금산군 금산읍 비단로 403 154-3번지 외 2필지,3,57,6,10.53,0.9
2019,전북,"기계기구, 비금속광물 및 금속제품제조업",50인미만,서해목형포금,전북 군산시 옥산면 산성로 58-4 ,2,20,2,10,1.39
2019,울산,건설업,50인미만,"엘에스니꼬동제련(주)(원청), 그린도장(하청)(1,2 탈황 Stack 도장공사)",울산 울주군 온산읍 산암로 148 0,1,10,1,10,2
2019,경기,화학 및 고무제품제조업,50인미만,동구산업(주),경기 파주시 광탄면 우랑길 36-27 ,1,10,1,10,1.01
2020,서울,건설업,50인미만,주식회사산마루종합건설(신림 473-4 신축공사),서울 관악구 관천로25길 22 (신림동),1,10,1,10,1.82
2020,충남,기계기구·금속·비금속광물제품제조업,50인미만,"아주산업(주)아산공장(원청), 신원산업주식회사 (하청)",충남 아산시 둔포면 관용로 12-11,1,10,1,10,1.12
2020,충남,건설업,50인미만,(주)구현종합건설((주)영강 공장 신축공사),충남 예산군 고덕면 오추리,1,10,1,10,1.82
2020,충남,도소매·음식·숙박업,50인미만,"삼죽영농조합법인(원청), 성진냉열(하청)",충남 홍성군 홍성읍 충서로 1253 ,1,10,1,10,0.62
2020,경남,기계기구·금속·비금속광물제품제조업,50인미만,(주)백양스틸,"경남 함안군 칠서면 공단북길 218 (칠서면, (주)BNG코일)",1,10,1,10,1.12
2019,울산,"기계기구, 비금속광물 및 금속제품제조업",50인미만,남양인더스트리㈜,울산 울주군 온산읍 해맞이로 1837-9 ((주)우진식품),1,21,2,9.52,1.39
2020,경기,섬유 및 섬유제품제조업,50인미만,(주)명성프라콘,경기 포천시 호국로1315번길 42 (어룡동),1,21,2,9.52,0.65
2020,서울,건설업,50인미만,"강남건영(주)(원청), 화니건설㈜(하청)(노량진 더 클래식 청년주택 및 근린생활시설 신축공사)",서울 동작구 노량진로8길 59 (노량진동),3,44,4,9.09,1.82
2019,충북,건설업,50인미만,"㈜명진개발(원청), 유한회사삼창건기(하청)",충북 충주시 소태면 구룡로 1298 구룡리,1,22,2,9.09,2
2018,경기,도자기ㆍ기타요업제품ㆍ시멘트제조업,50인 미만,주식회사디에이치콘크리트,경기 포천시 일동면 수입로 213-1 (마동),1,11,1,9.09,1.09
2019,경기,식료품제조업,50인미만,점보식품㈜,경기 화성시 양감면 정문송산로 241번길 1 ,1,11,1,9.09,1.45
2019,경기,화학 및 고무제품제조업,50인미만,"주식회사세아그린텍(원청), 광영FRP(하청)(환경배기장치(스크러버와 팬으로 구성) 제작공정)",경기 화성시 마도면 마도로 312 ,1,11,1,9.09,1.01
2019,충남,건설업,50인미만,"우신종합건설㈜(원청), (주)대현건설(하청)(서천군 새마을회관 건립공사(건축))",충남 서천군 서천읍 군사리 854-6,1,11,1,9.09,2
2020,서울,건설업,50인미만,(주)영림원(2020년 배전선로근접가로수 가지치기공사),서울 성동구 뚝섬로 452 가로 일대,1,11,1,9.09,1.82
2020,충북,화학 및 고무제품제조업,50인미만,㈜신성팩,충북 진천군 덕산면 신척산단3로 24-8 (덕산면),1,11,1,9.09,0.82
2020,충북,기계기구·금속·비금속광물제품제조업,50인미만,삼경산업,충북 충주시 금가면 김생로 636 (금가면),1,11,1,9.09,1.12
2020,충남,건설업,50인미만,"성우건설(주)(원청), (주)라도건설(하청)(금학지구 다목적농촌용수개발사업 토목건축기계공사)",충남 서산시 팔봉면 호리1길 101 일원,1,11,1,9.09,1.82
2020,경남,건설업,50인미만,에코슬롭주식회사(경전철 하부 수목식재 사업),경남 김해시 삼정동 447-6,1,11,1,9.09,1.82
2017,경기,건설업,100~299인,"(주)대림종합건설(원청), 맹호타워(하청) 주식회사선흥기업(하청)(동원물류고매농수산물종합유통센터신축공사)",경기 용인시 기흥구 고매로 60 (고매동 산 38-25번지외 1필지),7,148,13,8.78,0.31
2020,충북,기계기구·금속·비금속광물제품제조업,50인미만,(주)한국케이비,충북 충주시 가주농공1길 31 (풍동),1,23,2,8.7,1.12
2019,충북,건설업,50인미만,주식회사삼우전기(하청)(G동 탈의동 증축공사),충북 청주시 흥덕구 백봉로 95 (송정동),2,24,2,8.33,2
2020,충북,건설업,50인미만,"부경종합건설주식회사(원청), 정민건설주식회사(하청)(영동 부경아파트 신축공사)",충북 영동군 영동읍 동정리 78번지 외 5필지,1,24,2,8.33,1.82
2020,경북,건설업,50인미만,"(주)한일철도삼표, 레일웨이주식회사, 주식회사청명궤도(울산-포항 복선전철 입실~모량간 궤도공사)",경북 경주시 외동읍 입실리 962-3 입실역~모량역 관내,1,24,2,8.33,1.82
2017,경기,농업,50인 미만,양주바이오텍,경기 양주시 은현면 그루고개로143번길 368 ,1,12,1,8.33,0.84
2018,경기,기계기구ㆍ비금속광물제품ㆍ금속제품제조업 또는 금속가공업,50인 미만,태광엘리베이터(하청) 티케이엘리베이터코리아㈜(하청) 티센크루프엘리베이터(구)(하청),경기 남양주시 경춘로1256번길 9 (평내동) 605호,1,12,1,8.33,1.43
2019,광주,도·소매 및 소비자용품수리업,50인미만,(주)세화,"광주 광산구 평동산단5번좌로 115 (월전동, 주식회사 세화)",1,12,1,8.33,0.5
2020,강원,건설업,50인미만,"대산종합건설(주)(정선군 목재문화체험장 조성사업(토목, 건축, 조경, 기계))",강원 정선군 정선읍 광하리 16-6,1,12,1,8.33,1.82
2020,경기,화학 및 고무제품제조업,50인미만,(주)동원글라스,경기 화성시 비봉면 주석로 437-45 자안리 572-4,1,12,1,8.33,0.82
2020,경남,수제품 및 기타제품제조업,50인미만,(주)대풍산업,경남 창원시마산합포구 진북면 망곡리 산 13-1번지,1,38,3,7.89,0.95
2019,부산,건설업,50인미만,"새한테크(원청), 강산기술검사주식회사(하청)(부경에너지(주)탱크증설 및 배관공사)",부산 남구 황령대로 343 (대연동),1,13,1,7.69,2
2020,광주,목재 및 종이제품제조업,50인미만,(주)조선우드,광주 광산구 하남산단5번로 99-11 (장덕동),1,13,1,7.69,1.46
2020,경기,기계기구·금속·비금속광물제품제조업,50인미만,(주)신흥테크,경기 광주시 초월읍 동막골길 140-41 ,1,13,1,7.69,1.12
2020,경기,건설업,50인미만,신한종합건설(주)(김포 감정 신한헤센 공동주택 도시계획도로 공사도급계약서),경기 김포시 감정동,1,13,1,7.69,1.82
2019,충북,건설업,50인미만,진종합건설주식회사(덕산약품공업(주) 주5동 증축공사),충북 진천군 덕산읍 산수산단1로 13-37 0,2,27,2,7.41,2
2020,서울,건설업,50인미만,"주식회사선진건설 선진종합건설㈜(구)(원청), (주)이아이크리에이티브(하청)(반포동 737-10 의료 및 근생 신축공사)",서울 서초구 강남대로 489 (반포동),1,27,2,7.41,1.82
2020,부산,건설업,50인미만,"미성종합건설(원청), 주식회사더라움건설(하청)(사직골프연습장 및 자동차매매장 신축공사 중 철근콘크리트공사)","부산 금정구 식물원로 9번길 20, 406호(장전동, 금정라움)",2,28,2,7.14,1.82
2019,경기,건설업,50인미만,"누마루종합건설(주)(원청), 주식회사올찬(하청)(전곡전통시장 아케이드 리모델링공사)",경기 연천군 전곡읍 전곡로164번길 9 전곡시장,1,14,1,7.14,2
2019,경기,건설업,50인미만,주식회사건우종합건설(당정동 1013-2 다세대주택 신축공사),경기 군포시 당정역로 86 (당정동),1,14,1,7.14,2
2019,전북,화학 및 고무제품제조업,50인미만,"주식회사팜한농 정읍공장(원청), 유한회사에스에프씨(S.F.C)(하청)",전북 정읍시 북면 3산단4길 28 ,1,14,1,7.14,1.01
2020,부산,건설업,50인미만,예서건설㈜(부산 에코델타시티 상수도인입공사(1공구)),부산 강서구 강동동 외,1,14,1,7.14,1.82
2020,세종,건설업,50인미만,"(주)조양산업(첫마을 6단지아파트 균열보수 및 재도장, 기타 보수공사)","세종 누리로 28 (한솔동, 첫마을6단지) ",1,14,1,7.14,1.82
2020,경기,수제품 및 기타제품제조업,50인미만,베올리아에코사이클(주),경기 여주시 가남읍 일신로 88 ,1,14,1,7.14,0.95
2020,경북,임업,50인미만,봉화군산림조합(2020년 상반기 소나무재선충병 방제사업(기번2)),경북 봉화군 봉화읍 봉화로 840 ,1,14,1,7.14,1.14
2020,경남,농업,50인미만,농업회사법인로진주식회사,경남 진주시 이반성면 하곡로 150-45 (이반성면),1,14,1,7.14,0.8
2020,경기,건설업,50인미만,"대양종합건설(주)(원청), 삼하나건설㈜(하청)(장현4초등학교 신축공사)",경기 시흥시 군자동 산32-3,1,45,3,6.67,1.82
2019,충남,농업,50인미만,봉화산축산영농조합법인,충남 보령시 천북면 사호장은로 316-148 (봉화산농장),1,30,2,6.67,0.97
2020,경기,건설업,50인미만,㈜창성종합건설((주)산내음푸드 용인공장 신축공사),경기 용인시 처인구 이동읍 덕성리 용인테크노밸리일반산업단지 15블록 블럭 10로트,1,30,2,6.67,1.82
2020,경남,기계기구·금속·비금속광물제품제조업,50인미만,신성메탈주식회사,경남 밀양시 삼랑진읍 용전산업단지길 73 (삼랑진읍),1,30,2,6.67,1.12
2019,강원,건설업,50인미만,주식회사전진토건(속초교동 658-82 외 1필지 공동주택신축공사),강원 속초시 교동 658-82,1,15,1,6.67,2
2019,경북,건설업,50인미만,"표준종합건설(주)(원청), 주식회사 용마루이엔지(하청)(경주 양남면 읍천리 풀빌라 신축공사)",경북 경주시 양남면 340번지외 5필지,1,15,1,6.67,2
2020,경기,기계기구·금속·비금속광물제품제조업,50인미만,(주)선일,경기 안산시 단원구 초지동(성곡동) 660번지 7호 (주)선일,1,15,1,6.67,1.12
2019,강원,"기계기구, 비금속광물 및 금속제품제조업",50인미만,강원여객자동차㈜1급정비공장,강원 강릉시 강변로 558 (입암동),1,46,3,6.52,1.39
2020,경기,기계기구·금속·비금속광물제품제조업,50인미만,동화산업(주),경기 시흥시 희망공원로 99 시화공단2마201호 (정왕동),1,47,3,6.38,1.12
2020,전남,건설업,50인미만,"(주)신일(원청), 진양건설㈜(하청)(여수시 덕충동 오피스텔 신축공사)",전남 여수시 덕충동 2037-2번지 일원,1,47,3,6.38,1.82
2019,경기,건설업,50인미만,민광종합건설(주)((주)에프앤에스식품 오산공장 신축공사),"경기 오산시 원동 582-1,582-9,582-11",1,32,2,6.25,2
2020,경기,건설업,50인미만,주식회사하임산업(용강프라자 신축공사),경기 용인시 수지구 동천동 579-3,1,32,2,6.25,1.82
2018,경북,수송용기계기구제조업ㆍ자동차 및 모터사이클수리업,50인 미만,통일운수정비공업사,경북 경주시 원효로 202 (인왕동),1,16,1,6.25,0.9
2020,경기,수제품 및 기타제품제조업,50인미만,(주)태인리사이클링(포천),경기 포천시 내촌면 부마로 469번길 10 (내촌면),1,16,1,6.25,0.95
2020,충북,기계기구·금속·비금속광물제품제조업,50인미만,주식회사디앤디에코텍,충북 청주시 상당구 미원면 단재로 2800 ,1,16,1,6.25,1.12
2020,경기,기계기구·금속·비금속광물제품제조업,50인미만,진영공영(주),경기 시흥시 마유로 238번길 89 (정왕동) 시화공단 3나 305호,1,33,2,6.06,1.12
2020,경북,건설업,50인미만,"(주)홍성건설(원청), 주식회사영화산업(하청)(포항 용흥동 의료시설 신축공사)","경북 포항시 북구 새천년대로 580 (용흥동), 외 1필지",1,33,2,6.06,1.82
2020,서울,건설업,100~299인,태건건설㈜(하청)(홍대 CGV 복합몰 신축공사),서울 마포구 동교동 167-13번지 외 1필지,1,100,6,6,0.48
2019,경기,"기계기구, 비금속광물 및 금속제품제조업",50인미만,"대화이앤씨건설(주)(원청), 도원플랜트산업 주식회사(하청)(도원플랜트산업(주)공장 신축공사)",경기 화성시 서신면 매화리 759-216,1,17,1,5.88,1.39
2020,부산,건설업,50인미만,"주식회사태종건설개발(원청), 주식회사세아건설(하청)(부전동 93-10번지 오피스텔 신축공사)",부산 연제구 월드컵대로 157 (연산동) 7층,1,17,1,5.88,1.82
2020,대구,건설업,50인미만,"태인건설산업주식회사(원청), 주식회사 민이엔씨(하청)(동구 신천동 118-6 근린생활시설 신축공사)",대구 동구 신천동 118-6번지 ,1,17,1,5.88,1.82
2020,충북,건설업,50인미만,"(유한)엔에스종합건설(원청), 유한회사이젠(하청)((유)유리 상가 신축공사)",충북 진천군 덕산읍 두촌리 2459,1,17,1,5.88,1.82
2020,충남,화학 및 고무제품제조업,50인미만,한국프라스틱주식회사예산공장,충남 예산군 삽교읍 산단2길 111 한국프라스틱(주)예산공장,1,17,1,5.88,0.82
2020,경북,도소매·음식·숙박업,50인미만,포항수산업협동조합판매과,경북 포항시 북구 해동로173번길 8-1 (죽도동),1,17,1,5.88,0.62
2019,충북,건설업,50인미만,(주)정호이앤씨(이원~옥천(매화~동이 지방도 확포장공사)구간 배관이설공사),충북 옥천군 이원면 강청리 0000-0000번지 이원 옥천일대,1,18,1,5.56,2
2019,경북,건설업,50인미만,(주)팔조솔라((주)팔조솔라 태양광발전시설 설치공사),경북 경주시 감포읍 팔조리 산 129번지,1,18,1,5.56,2
2020,경기,건설업,50인미만,"(주)현승종합건설(원청), 후지E&C(하청)((주)와이제이푸드 공장 신축공사 중 2차 건축공사)",경기 평택시 오성면 죽3리길 8-19 ,1,18,1,5.56,1.82
2020,경기,건설업,50인미만,대화종합건설(주)(경기 김포시 운양동 유스타(주) 근린생활시설 신축공사),"경기 김포시 운양동 1205-25번지, 누산리 1032-47번지",1,18,1,5.56,1.82
2020,경기,건설업,50인미만,"세이종합건설(주)(원청), 주식회사 신서광건설 (하청)(군포 대야미동 645-7 오피스텔 신축공사)",경기 군포시 대야미동 645-7,1,18,1,5.56,1.82
2020,경남,시설관리 및 사업지원서비스업,50인미만,코데코주식회사,경남 고성군 고성읍 상정대로 604 (고성읍),1,18,1,5.56,0.58
2020,충남,건설업,50인미만,"제이에이치건설(주)(원청), (주)부명건설(하청)((주)아이미코리아엠에스 신축공사)",충남 서천군 장항읍 장항국가산업단지 산 33-1,1,37,2,5.41,1.82
2019,경기,건설업,50인미만,대선이엔씨(주)(용인동백세브란스병원(가칭) 전기공사),경기 용인시 기흥구 중동 724-7,1,38,2,5.26,2
2019,경남,건설업,50인미만,씨에이치종합건설(주)(사천시 용현면 선진리 94-7외 3필지 근생 및 주택 신축공사),경남 사천시 용현면 선진리 94-7외 3필지,1,19,1,5.26,2
2020,대구,건설업,50인미만,"(주)태명건설(월성푸르지오 외,내부 균열보수 및 재도장공사)","대구 달서구 조암로 6길 20 (월성동, 월성푸르지오)",1,19,1,5.26,1.82
2020,경기,화학 및 고무제품제조업,50인미만,대원수지공업(주),경기 화성시 팔탄면 현대기아로 556번길 128 ,1,19,1,5.26,0.82
2020,경기,건설업,50인미만,주식회사솔라썬에너지(이레/반석/신선발전소),경기 여주시 흥천면 능북로 214 이인묵,1,19,1,5.26,1.82
2020,제주,철도·항공·창고·운수관련서비스업,50인미만,대성종합물류주식회사,제주 제주시 임항로 262-1 (건입동) 4층,1,19,1,5.26,0.74
2018,경기,건설업,50~99인,"에이치오건설(주)(원청), 주식회사아성산업개발(하청)(협성메디칼증축공사)",경기 양주시 광적면 부흥로597번길 105-24 외 1필지,2,58,3,5.17,0.72
2018,경기,건설업,50인 미만,"디엘종합건설㈜(원청), ㈜동우(하청)(파파존스안성공장신축공사)",경기 안성시 양성면 구장길 21-21 이현리 221-2외5필지,1,40,2,5,1.8
2020,경북,기계기구·금속·비금속광물제품제조업,50인미만,㈜대진이앤씨 칠곡1공장,경북 칠곡군 가산면 호국로 1206-34 (가산면),1,40,2,5,1.12
2020,인천,건설업,50인미만,"성강종합건설㈜(원청), (주)가람이엔씨(하청)(시흥은계지구성강해오름지식산업센터신축공사 중 설비공사)",인천 남동구 아암대로 1223 (고잔동) 609,1,20,1,5,1.82
2020,울산,건설업,50인미만,동명종합건설(주)((주)썬로드 공장 신축공사),울산 울주군 언양읍 반천리 1116-4번지,1,20,1,5,1.82
2020,경기,건설업,50인미만,"(주)에이원건설산업(원청), (주)삼원이앤엘(하청)(창고시설 신축공사)",경기 이천시 부발읍 고백리 146-3번지,1,20,1,5,1.82
2020,경북,건설업,50인미만,주식회사아성건설((경호프로파일) 구미시 공단동 293-1 공장신축공사),경북 구미시 공단동 293-1,1,20,1,5,1.82
2020,경남,기계기구·금속·비금속광물제품제조업,50인미만,㈜대신에스엔씨,경남 김해시 진례면 테크노밸리로 186 (진례면),1,20,1,5,1.12
2020,경남,기계기구·금속·비금속광물제품제조업,50인미만,흥진산업(주),경남 합천군 적중면 황강옥전로 1839 ,1,41,2,4.88,1.12
2018,부산,"수상운수업, 항만하역 및 화물취급사업",100~299인,"한국허치슨터미널주식회사(원청), 와이에스케이주식회사(하청)",부산 영도구 대교로46번길 53 (봉래동2가),1,125,6,4.8,0.75
2019,충북,"기계기구, 비금속광물 및 금속제품제조업",50인미만,(주)광신철강,충북 청주시 서원구 현도면 청남로 692 ,1,21,1,4.76,1.39
2020,서울,건설업,50인미만,"예일건설(주)(원청), 가양건설(하청)(중구 수표동 11-4번지 용도변경공사)",서울 중구 수표로 72-13 (수표동),1,21,1,4.76,1.82
2020,경기,목재 및 종이제품제조업,50인미만,주식회사유림하이텍,경기 광주시 곤지암읍 신만로436번길 62-18,1,21,1,4.76,1.46
2020,경기,기계기구·금속·비금속광물제품제조업,50인미만,"효정건설㈜(원청), 한성모듈러주식회사(하청)",경기 양주시 천보산로 176-90 (회암동),1,21,1,4.76,1.12
2019,경기,기타의 각종사업,100~299인,(주)효성크린,경기 부천시 옥산로252번길 56 (도당동),1,127,6,4.72,0.41
2020,경기,건설업,50인미만,"(주)두용종합건설(원청), 삼일창호(하청)(배곧신도시 지원 1-8-1지식산업센터 신축공사)",경기 시흥시 정왕동 2578-1,1,43,2,4.65,1.82
2019,경북,건설업,100~299인,"극동건설㈜(원청), 정품건설산업주식회사(하청)(동해선 포항-삼척 철도건설 제14공구 노반건설공사)",경북 울진군 북면 검성길 29-1 (일대),1,130,6,4.62,0.55
2019,세종,"건물종합관리, 위생 및 유사서비스업",50인미만,충청환경산업(주),세종 부강면 등곡리 505-1,1,22,1,4.55,0.78
2019,경기,섬유 및 섬유제품제조업,50인미만,주식회사미림텍스,경기 포천시 어룡1길22 (어룡동),1,22,1,4.55,0.79
2020,서울,건설업,50인미만,주식회사채움건설그룹(서초동 1524-1 근린생활시설 및 다세대주택 신축공사),서울 서초구 반포대로19길 9-3 (서초동),1,22,1,4.55,1.82
2020,울산,기계기구·금속·비금속광물제품제조업,50인미만,대원레미콘(주),울산 울주군 언양읍 반천강변길 20 ,1,22,1,4.55,1.12
2020,광주,화학 및 고무제품제조업,"1,000인이상",금호타이어(주),"광주 광산구 어등대로 658 (소촌동, 금호타이어(주))",2,1957,87,4.45,1.76
2020,광주,기계기구·금속·비금속광물제품제조업,50인미만,"㈜현성오토텍(원청), 주식회사다담통운 (하청)",광주 광산구 소촌로 123번길 28 (소촌동),1,23,1,4.35,1.12
2020,울산,기계기구·금속·비금속광물제품제조업,50인미만,(주)엘피케이,울산 울주군 상북면 길천산업로 473-6 ,1,23,1,4.35,1.12
2020,경기,기계기구·금속·비금속광물제품제조업,50인미만,주식회사동아에스텍,경기 평택시 포승읍 원석정용소길 76 (포승읍),1,23,1,4.35,1.12
2020,경북,기계기구·금속·비금속광물제품제조업,50인미만,(주)케이이씨문경공장,경북 문경시 신기공단1길,1,23,1,4.35,1.12
2020,경남,국가 및 지방자치단체의사업,100~299인,창원시 진해구청 (수산산림과 공원녹지담당),경남 창원시 진해구 진해대로 1101 행정동 3층 (장천동),1,119,5,4.2,0.92
2020,경기,시설관리 및 사업지원서비스업,50인미만,(주)방태,경기 남양주시 진건읍 독정로 273번길 71 ,1,48,2,4.17,0.58
2020,충남,건설업,50인미만,"주식회사태성종합건설(모산역 문화플랫폼 및 문화어울림 공간 조성사업(건축, 기계))",충남 아산시 배방읍 공수리 67-37,1,24,1,4.17,1.82
2020,경북,건설업,50인미만,유림건설(주)(고령~성산간 도로확포장공사 지장관로 이설공사),경북 고령군 성산면 상용로 82,1,24,1,4.17,1.82
2020,경기,기계기구·금속·비금속광물제품제조업,50인미만,엠케이세라믹,경기 연천군 청산면 청연로 31-30 (엠케이세라믹),1,25,1,4,1.12
2020,경기,건설업,50인미만,"엠오에이종합건설(주)(원청), 주식회사 보광이엔지(하청)(관양동 999 자동차관련시설신축공사)",경기 안양시 동안구 시민대로 347 (관양동),1,25,1,4,1.82
2020,경북,건설업,50인미만,한영건설주식회사(하청)(울릉(도동)항 방파제 보수보강공사),경북 울릉군 울릉읍 도동리(울릉(도동)항) ,1,25,1,4,1.82
2020,충남,기계기구·금속·비금속광물제품제조업,50인미만,(주)무룡,충남 서산시 성연면 명천산업로78 ,1,26,1,3.85,1.12
2020,경기,건설업,50인미만,"정운종합건설주식회사(원청), 주식회사 신원에코바이저(하청)(화성시 병점지구 국도43호선 방음벽공사)",경기 화성시 진안동 832-58 일원(국도43호선),1,27,1,3.7,1.82
2020,울산,기타의 각종사업,50인미만,이에이치산업(주),울산 울주군 웅촌면 고연공단1길 19 (웅촌면),1,28,1,3.57,0.46
2020,경기,시설관리 및 사업지원서비스업,50인미만,한일환경(주),경기 안산시 단원구 호수동(고잔동) 718-2번지 동남레이크빌 1 207,1,28,1,3.57,0.58
2019,경기,건설업,100~299인,"주식회사수영로지콘(원청), ㈜정호시스템(하청)(설성면 대죽리 545-5 창고시설 신축공사)",경기 이천시 설성면 대죽리 545-5외 24필지,1,142,5,3.52,0.55
2020,대구,건설업,100~299인,동부건설(주)(대구 메리어트호텔 및 서비스드레지던스 신축공사),"대구 동구 동부로 26길 18 (신천동, 신천동326-1)",1,290,10,3.45,0.48
2019,경남,화학 및 고무제품제조업,50인미만,국도피엔텍(주),경남 양산시 어곡공단1길 32 (어곡동),1,29,1,3.45,1.01
2020,경남,기계기구·금속·비금속광물제품제조업,50인미만,(주)경동기계,경남 김해시 진례면 진례로 129 (진례면),1,29,1,3.45,1.12
2018,대전,"수상운수업, 항만하역 및 화물취급사업",50인 미만,씨제이대한통운㈜(원청),대전 대덕구 신탄진로 1 대한통운내 (읍내동),1,30,1,3.33,1.76
2020,경기,화학 및 고무제품제조업,50인미만,세진플라스틱(주),경기 고양시 일산동구 견달산로 395-12,1,30,1,3.33,0.82
2020,전북,식료품제조업,50인미만,(주)팜스토리서울사료김제,전북 김제시 만경읍 만경공단1길 8 ,1,30,1,3.33,1.14
2019,서울,건설업,100~299인,"일성건설㈜(원청), 은산토건(주)(하청)(Y22 개발계획에 따른 도시계획시설(공공지하보도)설치공사)",서울 영등포구 국제금융로2길 7 (여의도동) 8층,2,123,4,3.25,0.55
2020,경기,건설업,50인미만,도영종합건설㈜(연천미디어 신축공사),경기 연천군 군남면 진상리 59외2필지,1,31,1,3.23,1.82
2020,경북,건설업,50인미만,우람종합건설(주)(원청)(삼자현터널 국도건설공사),경북 청송군 부남면 일원,1,31,1,3.23,1.82
2020,서울,건설업,50~99인,동성건설(주)(영등포동1가 오피스텔 신축공사(건축)),"서울 영등포구 영등포동1가 121-5,6번지",1,63,2,3.17,0.74
2017,경기,건설업,100~299인,개인사업자 오희문(하청)(의정부민락2 B-9BL 아파트 건설공사 10공구),경기 의정부시 낙양동 189,3,222,7,3.15,0.31
2020,부산,철도·항공·창고·운수관련서비스업,50인미만,부산선박(주),"부산 동구 조방로 14 (범일동, 동일타워) 813호",1,32,1,3.13,0.74
2020,전남,철도·항공·창고·운수관련서비스업,50인미만,"주식회사농협사료㈜, 농협물류(원청), (주)성보농수축산물유통나주지점(하청)",전남 나주시 문평면 다시로 30-8 농협사료나주배합사료공장,1,32,1,3.13,0.74
2020,경남,기계기구·금속·비금속광물제품제조업,50~99인,삼보산업(주),경남 창원시 진해구 남의로21번길 36 (남양동),1,98,3,3.06,0.65
2019,충북,건설업,50인미만,주식회사삼보건설 주식회사원광(구)((주)씨에이치산업 유천산단공장 신축공사),충북 음성군 금왕읍 유촌리 785,1,33,1,3.03,2
2020,대전,건설업,50인미만,"신도종합건설(주)(원청), (주)소명특수건업(하청)(대전지방국세청 청사 신축사업(건축공사))",대전 대덕구 계족로 677 (법동),1,33,1,3.03,1.82
2020,경기,건설업,50인미만,"남해종합건설㈜, 구일종합건설㈜(원청), (주)세인테크(하청)(김포마송 B-5BL 아파트 건설공사 5공구)",경기 김포시 통진읍 마송리 일원(김포마송 택지개발지구 내 B-5BL) ,1,33,1,3.03,1.82
2020,충남,농업,50인미만,피그텍,충남 부여군 홍산면 토동로108 ,1,33,1,3.03,0.8
2018,충북,섬유 또는 섬유제품제조업(을),100~299인,(주)스타플렉스,충북 음성군 삼성면 대성로 417 ,1,199,6,3.02,0.6
2020,경남,건설업,50인미만,"(주)포스코아이씨티(원청), ㈜메리트엔지니어링㈜, 제일기건(하청)(진주 혁신도시 스타플렉스 신축사업)",경남 진주시 에나로127번길 28 (충무공동),1,34,1,2.94,1.82
2019,서울,건설업,50인미만,"(주)라움에이드(원청), 정진지오개발(하청)(코끼리연립 가로주택정비사업 재건축아파트 신축공사)",서울 강동구 천호옛8길 8 (성내동),1,35,1,2.86,2
2019,세종,건설업,50인미만,신대일종합건설㈜((주)새롬켐텍 공장 신축공사),세종 전의면 어천길 110-5 (관정리),1,35,1,2.86,2
2017,경기,건설업,50~99인,"남광토건㈜(원청), 경기포장중기㈜(하청)(슬레드시험실건설공사)",경기 포천시 창수면 청창로 842 청창로 일월,1,71,2,2.82,0.6
2020,대구,식료품제조업,50인미만,(주)에스비크럼즈,대구 달서구 성서로 255 (갈산동),1,36,1,2.78,1.14
2020,인천,기계기구·금속·비금속광물제품제조업,50인미만,(주)태화물산,인천 서구 검단로188번길 18-3,1,36,1,2.78,1.12
2020,경기,건설업,50인미만,"토우종합건설주식회사(원청), 주식회사 원탑엔지니어링(하청)(이천신하교회 안아주심 Dream center 신축공사)","경기 이천시 부발읍 경충대로 2264 (383-21, 383-11, 383-38, 383-6)",1,36,1,2.78,1.82
2018,대구,수송용기계기구제조업ㆍ자동차 및 모터사이클수리업,50인 미만,태창공업(주)2공장,대구 달서구 성서공단로174 (월암동),1,37,1,2.7,0.9
2019,경기,건설업,50인미만,"(주)아태종합건설(원청), (주)뉴텍산업(하청)(우주금속산업 연천공장 신축공사)",경기 연천군 백학면 통구리 1057,1,37,1,2.7,2
2019,경북,"기계기구, 비금속광물 및 금속제품제조업",50인미만,주식회사 베록스,경북 경산시 와촌면 금송로87길 22,1,38,1,2.63,1.39
2020,충남,기계기구·금속·비금속광물제품제조업,50인미만,해경플륨주식회사,충남 보령시 천북면 홍보로 563-0 (천북면),1,38,1,2.63,1.12
2020,충남,금속제련업,50인미만,(주)금당-당진공장,충남 당진시 송악읍 부곡공단로 307 ,1,38,1,2.63,1.17
2020,서울,건설업,50인미만,"주식회사싸스컴(원청), 주식회사우영컴퍼니(하청)(디지털프라자 홍대점)",서울 마포구 양화로 147 (동교동),1,39,1,2.56,1.82
2020,경기,건설업,50인미만,"효정종합건설㈜(원청), 유진이엔씨(하청)(엘루오 기술연구원(ISO CGMP) 신축공사)",경기 화성시 정남면 음양리 557,1,39,1,2.56,1.82
2020,인천,건설업,100~299인,"씨제이대한통운(주)(원청), 원창건설(주)(하청)(송도 타임스퀘어 상업시설 신축공사)","인천 연수구 송도동 8-21,22",1,276,7,2.54,0.48
2020,서울,건설업,50인미만,"(주)흥판종합건설(원청), ㈜태경금속건설(하청)(굿프린팅 성수동 사옥 신축공사)",서울 성동구 성수동1가 656-1748,1,40,1,2.5,1.82
2020,부산,건설업,50~99인,"(주)신창종합건설(원청), 아이산업(하청)(명례공장 신축공사)",부산 기장군 장안읍 명례리 904,1,81,2,2.47,0.74
2020,경기,건설업,50~99인,"주식회사건우(원청), 포시즌건설㈜(하청)(죽당리 창고시설 신축공사)",경기 이천시 부발읍 198,1,81,2,2.47,0.74
2020,광주,식료품제조업,50인미만,삼호축산(주),광주 북구 하서로 176번길 32 (양산동),1,41,1,2.44,1.14
2020,경기,기계기구·금속·비금속광물제품제조업,50인미만,부광모터스(주),경기 안양시 만안구 박달로 338번길 18 (박달동),1,41,1,2.44,1.12
2020,경기,전기기계기구·정밀기구·전자제품제조업,50인미만,금산전자공업(주),경기 파주시 조리읍 명봉산로 79번길 67 ,1,41,1,2.44,0.35
2020,경기,건설업,50인미만,"세영건설㈜, 에이치엔아이엔씨㈜, 현대비에스앤씨㈜(구), 주식회사 해성기공(원청), 연합건설(하청)(백암물류창고 신축공사)",경기 용인시 처인구 백암면 백암리 252-13,1,41,1,2.44,1.82
2020,경기,건설업,50인미만,"태조건설(주)(원청), 은성산업주식회사(하청)(광주곤지암창고 신축공사)",경기 광주시 곤지암읍 수양리 117번지 외 7필지,1,41,1,2.44,1.82
2020,경남,기계기구·금속·비금속광물제품제조업,100~299인,(주)코텍,경남 창원시 의창구 차룡로14번길 18 (팔용동),1,124,3,2.42,0.59
2020,대구,기계기구·금속·비금속광물제품제조업,50인미만,"성협공업㈜ 경산공장(원청), (주)아이디에스(하청)",대구 달성군 유가면 테크노중앙대로 140 (유가면),1,42,1,2.38,1.12
2019,경기,건설업,300~499인,(주)대우건설(철산주공4단지재건축공사),"경기 광명시 오리로 835 (철산동, 주공아파트)",1,351,8,2.28,0.39
2018,전북,사업서비스업,50인 미만,"주식회사서주(원청), 농업회사법인아이푸드㈜(구)(원청)","전북 김제시 중앙로 79 (요촌동, 아이푸드(주) 내)",1,44,1,2.27,0.57
2020,경남,기계기구·금속·비금속광물제품제조업,50인미만,고려애자공업(주),경남 창원시 마산회원구 내서읍 중리공단로 75 (경비실),1,44,1,2.27,1.12
2020,경기,건설업,100~299인,"(주)유탑건설(원청), (주)씨에스개발(하청)(구리 남양시장 정비사업 주상복합신축공사)",경기 구리시 수택동 481번지,1,133,3,2.26,0.48
2019,경남,유리·도자기·시멘트제조업,100~299인,삼영산업(주),경남 김해시 진영읍 하계로138번길 51-62 ,2,180,4,2.22,0.73
2018,경북,"수상운수업, 항만하역 및 화물취급사업",50인 미만,"동국산업 주식회사(원청), 주식회사와이에이치패키지(하청)",경북 포항시 남구 제철동 (장흥동) 842-2,1,45,1,2.22,1.76
2020,부산,전기기계기구·정밀기구·전자제품제조업,50인미만,주식회사베가통신,부산 강서구 대저중앙로 71번가길 13-0 (대저1동),1,45,1,2.22,0.35
2019,울산,건설업,50인미만,한백산업개발(주)(코리아에어텍 온산공장 ASU 건축공사),울산 울주군 온산읍 온산로 134 대한유화 온산공장 부지 내,1,46,1,2.17,2
2020,인천,건설업,50인미만,"(주)힘찬종합건설(원청), (주)신우유비코스(하청)(남동구간석동217-2주상복합신축공사)",인천 남동구 경인로 653번길 19 (간석동),1,47,1,2.13,1.82
2019,경기,건설업,50~99인,"상훈종합건영(주)(원청), (주)스파콘건설(하청)(평택물류센터 공장증축 공사)",경기 평택시 청북읍 고렴리 1127번지,1,95,2,2.11,0.9
2020,전북,건설업,50인미만,"(주)우리종합건설(원청), 주식회사방주 주식회사명성중공업(구)(하청)(전북 장수군 장계면 공장 및 기숙사 신축공사)",전북 장수군 장계면 937,1,48,1,2.08,1.82
2019,경기,건설업,"1,000인이상","삼성물산주식회사(원청), 오씨에스엔지니어링㈜(하청)([E-PJT] FAB 건설공사 (FAB))","경기 화성시 삼성1로2길 29 (석우동, 삼성물산 화성캠퍼스)",1,1623,33,2.03,0.2
2018,충남,전기·가스·증기 및 수도사업,100~299인,"한국서부발전(주) 태안발전본부(원청), 한국발전기술주식회사(하청)","충남 태안군 원북면 발전로 457 태안건설본부 9,10호기 시운전실 한국발전기술 주식회사",1,149,3,2.01,0.13
2020,경기,건설업,50~99인,혁성공영(주)(평택 화양지구 도시개발사업 토목조경공사),경기 평택시 현덕면 452-2번지 일원,1,50,1,2,0.74
2020,서울,건설업,100~299인,"대보건설(주)(원청), ㈜아이텍파워(하청)(가산동2차 hausD·WISE 지식산업센터 신축공사)",서울 금천구 가산동 345-19,1,101,2,1.98,0.48
2019,경기,"건물종합관리, 위생 및 유사서비스업",50~99인,주식회사대아산업개발,경기 양주시 백석읍 연곡로 28 ,1,51,1,1.96,0.68
2020,서울,건설업,100~299인,"에스지씨이테크건설㈜ ㈜이테크건설(구)(원청), (주)혜림건설(하청)(성수동 THE LIV 세종타워 지식산업센터 신축사업)",서울 성동구 성수동2가 273-52번지 외 2필지,1,103,2,1.94,0.48
2020,경북,기계기구·금속·비금속광물제품제조업,100~299인,현대제철(주) 포항2공장,경북 포항시 남구 철강로314번길 36 (장흥동),1,163,3,1.84,0.59
2019,충남,"기계기구, 비금속광물 및 금속제품제조업",100~299인,(주)승일실업/천안지점,충남 천안시 동남구 동면 화복로 536 (동면),2,110,2,1.82,0.75
2018,대전,화학제품제조업,500~999인,㈜한화 대전사업장,대전 유성구 외삼로8번길 99 (외삼동),9,721,13,1.8,0.29
2019,경기,"건물종합관리, 위생 및 유사서비스업",100~299인,케이지이티에스(주),경기 시흥시 소망공원로 5 시화공단 1다 106 (정왕동),1,115,2,1.74,0.71
2020,경기,의약품·화장품·연탄·석유제품제조업,100~299인,신대한정유산업(주),경기 화성시 정남면 가장로 334-10,1,118,2,1.69,0.28
2017,경기,건설업,100~299인,"(주)태영건설(원청), 상하건설주식회사(하청)(김포운양동도시형생활주택신축공사(17,19BL))","경기 김포시 운양동 1341-41,45,43",2,120,2,1.67,0.31
2019,경기,건설업,50~99인,(주)은하종합건설(에이씨엔 수원공장 신축공사),경기 수원시 권선구 고색동 1056,1,60,1,1.67,0.9
2020,서울,시설관리 및 사업지원 서비스업,50~99인,"현대엘리베이터주식회사(원청), 주식회사에프앤비밸류파트너스현대그룹빌딩시설관리(하청)",서울 종로구 율곡로 194 (연지동),1,60,1,1.67,0.38
2019,울산,건설업,50~99인,"(주)이에스종합건설그룹(원청), (주)동명토건(하청)(혜명심 의료재단 울산병원 증축 및 리모델링공사)",울산 남구 월평로171번길 13 (신정동),1,65,1,1.54,0.9
2020,부산,건설업,500~999인,에스케이에코플랜트㈜ 에스케이건설㈜(구)(원청) 주식회사 동부종합중기(하청)(동래 3차 SK VIEW),부산 동래구 온천동 185-38번지 외,4,534,8,1.5,0.32
2019,강원,유리·도자기·시멘트제조업,50~99인,"쌍용씨앤이㈜동해공장 쌍용양회공업(주) 동해공장(구)(원청), (주)선일(하청)",강원 동해시 효자로 246 (삼화동),1,67,1,1.49,1.03
2020,인천,화학 및 고무제품제조업,50~99인,인천화학(주),인천 서구 건지로 98-21 (가좌동),1,67,1,1.49,0.53
2020,경기,건설업,50~99인,"현해건설(주)(원청), 주식회사 성한건설(하청)(동탄2신도시 리더스퀘어 신축공사)",경기 화성시 목동 251-1,1,68,1,1.47,0.74
2020,경기,전기기계기구·정밀기구·전자제품제조업,100~299인,(주)평일양주공장,경기 양주시 칠봉산로 254번길 79 (봉양동),1,138,2,1.45,0.24
2020,전북,시설관리 및 사업지원서비스업,50~99인,"지에스건설(주)(원청), (주)에스텍코리아(하청)",전북 군산시 새만금북로 630-28 (내초동)폐자원에너지화시설내,1,70,1,1.43,0.38
2019,경기,건설업,100~299인,(주)성도이엔지((주)에스티아이 용인공장 신축공사),경기 용인시 처인구 원삼면 죽능리 584-2일원,4,290,4,1.38,0.55
2019,경기,건설업,300~499인,"(주)대우건설(원청), 주식회사세일에프에이, 세풍이엔지(하청)(부천중동주상복합 신축공사)",경기 부천시 중동 1153,1,434,6,1.38,0.39
2020,경기,기계기구·금속·비금속광물제품제조업,50~99인,세진산업개발(주),경기 광주시 직동로 19-12 (직동),1,75,1,1.33,0.65
2019,대구,건설업,100~299인,"(주)금성백조건설(원청), 현대소방설비㈜(하청)(대구연경지구 C-3블록 공동주택 신축공사)",대구 북구 연경동 429,1,228,3,1.32,0.55
2018,경기,건설업,500~999인,(주)에스아이테크(하청)(포천열병합발전소건설공사),경기 포천시 신북면 신평리 장자산업단지내 28-1,1,921,12,1.3,0.23
2020,경기,출판·인쇄·제본 또는 인쇄물가공업,50~99인,(주)은성프린터스,경기 이천시 이섭대천로1032번길 78 (율현동),1,77,1,1.3,0.35
2020,전북,기계기구·금속·비금속광물제품제조업,"1,000인이상",(주)세아베스틸,전북 군산시 외항로 522 (소룡동),1,1414,18,1.27,1.19
2019,경남,선박건조 및 수리업,50~99인,(주)창남조선,경남 남해군 창선면 동부대로 2944 (창남FRP조선소),1,79,1,1.27,1.1
2019,충북,화학 및 고무제품제조업,500~999인,더블유스코프코리아(주),충북 청주시 청원구 오창읍 과학산업4로 106 ,1,636,8,1.26,0.53
2019,경기,건설업,100~299인,"한신공영(주)(원청), 정석건업 주식회사(하청)(화성동탄(2) A4-1블록 아파트 건설공사 14공구)",경기 화성시 영천동 산 17-78일원,1,247,3,1.21,0.55
2019,경기,건설업,500~999인,"(주)대우건설(원청), 신성E&C(하청)(과천주공1단지주택재건축정비공사)","경기 과천시 관문로 128 (중앙동, 주공아파트)",1,917,11,1.2,0.31
2019,경기,"기계기구, 비금속광물 및 금속제품제조업",50~99인,(주)트라비스엘리베이터,경기 김포시 대곶면 대명항로 205번길 99 ,1,84,1,1.19,0.78
2020,충남,식료품제조업,50~99인,건강한사람들주식회사,충남 홍성군 결성면 만해로 391 (건강한사람들(주) 1사업장),1,87,1,1.15,0.92
2018,부산,"수상운수업, 항만하역 및 화물취급사업",300~499인,"한국허치슨터미널주식회사(원청), 한국선박물류주식회사(하청)",부산 동구 충장대로 314 (좌천동),1,352,4,1.14,0.67
2019,세종,건설업,100~299인,"계룡건설산업(주)(원청), 올라이트라이프주식회사(하청)(세종충남대학교병원 설계시공 일괄입찰공사)",세종 도담동 407번지,1,264,3,1.14,0.55
2017,경기,건설업,500~999인,대광이엔시주식회사(하청) 승리운수(하청)(포천열병합발전소건설공사),경기 포천시 신북면 신평리 장자산업단지내 28-1,1,921,10,1.09,0.13
2019,부산,창고 및 운수관련서비스업,500~999인,부산항터미널주식회사,부산 남구 신선로 294 (용당동),1,925,10,1.08,0.99
2020,서울,건설업,100~299인,대로건설㈜(하청)(서부간선지하도로 민간투자사업 건설공사 (IA56)),서울 영등포구 양평동3가 85번지,1,285,3,1.05,0.48
2020,경기,건설업,100~299인,대양종합건설(주)(평택 어연지구지식산업센터신축공사),경기 평택시 청북읍 어연리 266-3외 4필지,1,192,2,1.04,0.48
2019,경기,건설업,50~99인,"길산종합건설주식회사(원청), (주)케이피산업(하청)(홍죽산업단지 길산공장 신축공사)",경기 양주시 백석읍 권율로 1203번길 39-33 (외 3필지),1,96,1,1.04,0.9
2019,인천,건설업,100~299인,"계룡건설산업㈜(원청), 예창건설(주)(하청)(서울도시철도7호선 석남연장선 건축 및 기계설비공사)",인천 서구 석남동 일원,1,102,1,0.98,0.55
2019,인천,건설업,100~299인,"정원종합건설(주)(원청), 정인건설산업(하청)(대원루스터(주)서운산업단지 공장 신축공사)",인천 계양구 서운동 서운산업단지A-7블럭 로트,1,103,1,0.97,0.55
2020,경남,기계기구·금속·비금속광물제품제조업,100~299인,아이티알인더스트리즈주식회사,경남 진주시 사봉면 사군로303번길 3 ,1,219,2,0.91,0.59
2020,경남,건설업,100~299인,"(주)시온건설개발(원청), 휘성개발주식회사(하청)(한내 시온 숲속의아침뷰)",경남 거제시 연초면 한내리 374번지,1,114,1,0.88,0.48
2020,경북,건설업,100~299인,"한신공영㈜, 에스제이건설㈜, (유)명산건설(원청), ㈜벽산엔터프라이즈(하청)(중앙선 도담~영천 복선전철 제12공구 노반신설 기타공사(제1차))",경북 영천시 화산면 화룡동 일원,1,113,1,0.88,0.48
2020,경남,기계기구·금속·비금속광물제품제조업,100~299인,대익이엔지(주),경남 의령군 의령읍 구룡로 242,1,113,1,0.88,0.59
2018,세종,건설업,100~299인,"(주)선일테크(원청), 대일산업(하청)(음극재공장RHK8,9호기기계설비)",세종 전의면 산단길 22-64 포스코켐텍,1,121,1,0.83,0.47
2019,세종,건설업,100~299인,"(주)한진중공업건설부문(원청), 신영기술개발주식회사(하청)(행정중심복합도시 2-1생활권 소음저감시설 설치공사)",세종 다정동 (2-1생활권 국도1호선) 일원,1,124,1,0.81,0.55
2019,대구,건설업,100~299인,"주식회사디자인다우그룹(원청), 현대이엔지건설주식회사(하청)(대구 욱수 한신더휴 견복주택 건립공사)",대구 수성구 시지동 226-6,1,123,1,0.81,0.55
2020,경북,기계기구·금속·비금속광물제품제조업,100~299인,한호산업(주),경북 경주시 내남면 구일길 148-32 (한호사업㈜),1,127,1,0.79,0.59
2020,서울,건설업,100~299인,"중흥토건(주)(원청), 호람건설㈜(하청)(천호재정비촉진지구 천호1도시환경정비사업)",서울 강동구 천호동 423-300번지 일대,1,143,1,0.7,0.48
2019,부산,건설업,300~499인,"(주)삼정(원청), 주식회사고려 주식회사고려소방설비(구)(하청)(온천 삼정그린코아 더베스트 주상복합 신축공사)",부산 동래구 온천장로 104-20 (온천동) 외 46필지,1,443,3,0.68,0.39
2019,부산,건설업,300~499인,"디엘이앤씨㈜ 대림산업㈜(구)(원청), 현대엘리베이터(주) 부산지사(하청)(명장1구역 주택재개발 정비사업 신축공사)",부산 동래구 명장동 431번지 일원,1,455,3,0.66,0.39
2020,경기,건설업,500~999인,"(주)동양건설산업(원청), ㈜성진건설산업(하청)(하남 미사지구 C1블럭 공동주택 신축공사)",경기 하남시 아리수로 600 (망월동) 159,1,518,3,0.58,0.32
2019,강원,건설업,300~499인,"동원건설산업㈜(원청), 개인건설업자 이상민(하청)(동원시스템즈 횡성공장 신축공사)",강원 횡성군 우천면 상하가리 541번길 외,2,358,2,0.56,0.39
2020,경기,건설업,500~999인,"동광건설(주)(원청), 기산건설(주)(하청)(동광 비즈타워 별내 신축공사)","경기 남양주시 별내동 974-1번지, 2",1,539,3,0.56,0.32
2019,경북,전문기술서비스업,500~999인,(재)포항산업과학연구원,경북 포항시 남구 청암로 67 (효자동),2,574,3,0.52,0.08
2020,경기,건설업,300~499인,롯데건설(주)(롯데건설(주)인재개발원 오산캠퍼스 리빌딩),경기 오산시 경기동로 168 (부산동),1,422,2,0.47,0.32
2020,서울,건설업,500~999인,"효성중공업(주)(원청), 엠에스월드 주식회사(하청)(국제빌딩주변 제4구역 도시환경정비사업)",서울 용산구 서빙고로 9 (한강로3가),1,933,4,0.43,0.32
2020,경기,전기기계기구·정밀기구·전자제품제조업,100~299인,아름일렉트로닉스주식회사,경기 안산시 단원구 만해로 229번길 20 (성곡동),1,230,1,0.43,0.24
2020,인천,건설업,300~499인,"(주)호반산업(원청), 대원산업개발 유한회사(하청)(인천검단AB15-2 호반베르디움 아파트 신축공사)",인천 서구 원당동 215-2,1,473,2,0.42,0.32
2019,경남,건설업,"1,000인이상","에스케이에코플랜트㈜ 에스케이건설㈜(구), ㈜서희건설(원청) ㈜성도이엔지(하청)(고성하이화력 1,2호기 발전소 건설공사 일괄계약)",경남 고성군 하이면 덕호리 1번지,1,4486,17,0.38,0.2
2020,경기,건설업,"1,000인이상","(주)태영건설(원청), 대흥건설(하청)(광명역세권 복합단지개발 PF사업)",경기 광명시 일직동 광명역세권택지개발내 복합용지1구역,1,1123,4,0.36,0.25
2018,서울,기타의 각종사업,"1,000인이상","씨제이대한통운㈜(원청), 주식회사케이엠에스(하청)","서울 중구 세종대로9길 53 (서소문동, 대한통운빌딩)",1,1575,4,0.25,0.1
2017,울산,건설업,"1,000인 이상",천조건설㈜(하청)(S-oilRUCProjectArea1TowerMastSystem설치작업현장),"울산 울주군 온산읍 방도리, 학남리 일원",4,4723,4,0.08,0.07
2017,경기,전자제품제조업,"1,000인 이상",엘지디스플레이㈜,경기 파주시 월롱면 덕은리 1007번지,1,18900,12,0.06,0.03
